Product Id,Product Handle,Product Title,Product Subtitle,Product Description,Product Status,Product Thumbnail,Product Weight,Product Length,Product Width,Product Height,Product HS Code,Product Origin Country,Product MID Code,Product Material,Shipping Profile Id,Product Sales Channel 1,Product Collection Id,Product Type Id,Product Tag 1,Product Discountable,Product External Id,Variant Id,Variant Title,Variant SKU,Variant Barcode,Variant Allow Backorder,Variant Manage Inventory,Variant Weight,Variant Length,Variant Width,Variant Height,Variant HS Code,Variant Origin Country,Variant MID Code,Variant Material,Variant Price AUD,Variant Option 1 Name,Variant Option 1 Value,Product Image 1 Url,Product Category 1
,0-rfloxa-rab53rv-rear-shock-for-surron-talaria-eride-pro,RFLOXA RAB53RV Rear Shock for Surron/Talaria/ Eride pro,,,published,https://ebmx.com.au/wp-content/uploads/2026/06/ezgif.com-webp-to-png-converter-31.png,,, ,,,,,,,,,,,TRUE,,,Default,,,FALSE,TRUE,,,,,,,,,495,Default,Default,https://ebmx.com.au/wp-content/uploads/2026/06/ezgif.com-webp-to-png-converter-31.png,pcat_01KWD5A25D7B28TNR3XW737N9G
,1-2026-ultra-bee-hp-deposit-1-000-july-shipment,"2026 Ultra Bee HP Deposit – $1,000 (July Shipment)",,VIP Motor Courier Service Available – Please Contact Us for More Information,published,https://ebmx.com.au/wp-content/uploads/2025/09/ULTRA_BEE_HP_6.png,,, ,,,,,,,,,,,TRUE,,,Default,,,FALSE,TRUE,,,,,,,,,909.09,Default,Default,https://ebmx.com.au/wp-content/uploads/2025/09/ULTRA_BEE_HP_6.png,pcat_01KWD5AAM06XPYTY499EY7C57F
,2-surron-light-bee-x-2026-model-pre-order-now-available-mid-july,SurRon Light Bee X (2026 Model – Pre-Order Now! Available Mid July),,"VIP Motor Courier Service Available – Please Contact Us for More Information Please Contact Us to place a $1,000 deposit",published,https://ebmx.com.au/wp-content/uploads/2026/06/MY26_LBX_BLACK.jpg,,, ,,,,,,,,,,,TRUE,,,Default,,,FALSE,TRUE,,,,,,,,,6809.09,Default,Default,https://ebmx.com.au/wp-content/uploads/2026/06/MY26_LBX_BLACK.jpg,pcat_01KWD5AAM06XPYTY499EY7C57F
,3-58t-steel-sprocket-for-surron-lbx,58T Steel Sprocket for SurRon LBX,,,published,https://ebmx.com.au/wp-content/uploads/2026/06/58T-Steel-Sprocket.jpeg,,, ,,,,,,,,,,,TRUE,,,Default,,,FALSE,TRUE,,,,,,,,,50,Default,Default,https://ebmx.com.au/wp-content/uploads/2026/06/58T-Steel-Sprocket.jpeg,pcat_01KWD5A25D7B28TNR3XW737N9G
,4-96-chain-suitable-for-ultra-bee-46t-sprocket,96 Chain (Suitable for Ultra Bee 46T Sprocket),,,published,https://ebmx.com.au/wp-content/uploads/2026/04/520-chain.jpeg,,, ,,,,,,,,,,,TRUE,,,Default,,,FALSE,TRUE,,,,,,,,,60,Default,Default,https://ebmx.com.au/wp-content/uploads/2026/04/520-chain.jpeg,pcat_01KWD5AEF4A1AN27YXAWMYCMBK
,5-kool-rides-coloured-sprockets-for-surron-lbx,Kool Rides Coloured Sprockets for SurRon LBX,,,published,https://ebmx.com.au/wp-content/uploads/2026/05/Red-48T-Sprocket.jpeg,,, ,,,,,,,,,,,TRUE,,,Default,,,FALSE,TRUE,,,,,,,,,54.55,Default,Default,https://ebmx.com.au/wp-content/uploads/2026/05/Red-48T-Sprocket.jpeg,pcat_01KWD5A25D7B28TNR3XW737N9G
,6-31-8-handlebars-for-surron-lbx,31.8 Handlebars for SurRon LBX,,,published,https://ebmx.com.au/wp-content/uploads/2026/05/Kool-Rides-Bars-2.jpeg,,, ,,,,,,,,,,,TRUE,,,Default,,,FALSE,TRUE,,,,,,,,,54,Default,Default,https://ebmx.com.au/wp-content/uploads/2026/05/Kool-Rides-Bars-2.jpeg,pcat_01KWD5ANGRVZ4CFTZRMKVYGCN5
,7-replacement-key-plate-for-surron-lbx-aluminium,Replacement Key Plate for SurRon LBX (Aluminium),,,published,https://ebmx.com.au/wp-content/uploads/2026/05/Gold-Key-Plate.jpeg,,, ,,,,,,,,,,,TRUE,,,Default,,,FALSE,TRUE,,,,,,,,,24,Default,Default,https://ebmx.com.au/wp-content/uploads/2026/05/Gold-Key-Plate.jpeg,pcat_01KWD5ANGRVZ4CFTZRMKVYGCN5
,8-foot-pedal-bracket-set-for-surron-lbx,Foot Pedal Bracket Set for SurRon LBX,,,published,https://ebmx.com.au/wp-content/uploads/2026/05/Gold-Pedal-Bracket.jpeg,,, ,,,,,,,,,,,TRUE,,,Default,,,FALSE,TRUE,,,,,,,,,38.18,Default,Default,https://ebmx.com.au/wp-content/uploads/2026/05/Gold-Pedal-Bracket.jpeg,pcat_01KWD5ANGRVZ4CFTZRMKVYGCN5
,9-swing-arm-mud-guard-for-surron-lbx,Swing Arm Mud Guard for SurRon LBX,,,published,https://ebmx.com.au/wp-content/uploads/2026/05/Matte-Swing-Arm-Mud-Guard.jpeg,,, ,,,,,,,,,,,TRUE,,,Default,,,FALSE,TRUE,,,,,,,,,12.55,Default,Default,https://ebmx.com.au/wp-content/uploads/2026/05/Matte-Swing-Arm-Mud-Guard.jpeg,pcat_01KWD5ANGRVZ4CFTZRMKVYGCN5
,10-chain-tensioner-for-surron-lbx,Chain Tensioner for SurRon LBX,,,published,https://ebmx.com.au/wp-content/uploads/2026/05/Blue-Chain-Tensioner.jpeg,,, ,,,,,,,,,,,TRUE,,,Default,,,FALSE,TRUE,,,,,,,,,13.09,Default,Default,https://ebmx.com.au/wp-content/uploads/2026/05/Blue-Chain-Tensioner.jpeg,pcat_01KWD5ANGRVZ4CFTZRMKVYGCN5
,11-direct-mount-riser-stem-for-surron-lbx-31-8mm,Direct Mount Riser Stem for SurRon LBX (31.8mm),,,published,https://ebmx.com.au/wp-content/uploads/2026/05/Direct-MounntSteering-Stem-Combination-2.jpeg,,, ,,,,,,,,,,,TRUE,,,Default,,,FALSE,TRUE,,,,,,,,,26.73,Default,Default,https://ebmx.com.au/wp-content/uploads/2026/05/Direct-MounntSteering-Stem-Combination-2.jpeg,pcat_01KWD5ANGRVZ4CFTZRMKVYGCN5
,12-rear-shock-triangle-for-surron-lbx,Rear Shock Triangle for SurRon LBX,,,published,https://ebmx.com.au/wp-content/uploads/2026/03/LBX-Gold-Triangle.jpeg,,, ,,,,,,,,,,,TRUE,,,Default,,,FALSE,TRUE,,,,,,,,,26.73,Default,Default,https://ebmx.com.au/wp-content/uploads/2026/03/LBX-Gold-Triangle.jpeg,pcat_01KWD5ANGRVZ4CFTZRMKVYGCN5
,13-rear-shock-linkage-for-lbx,Rear Shock Linkage for LBX,,,published,https://ebmx.com.au/wp-content/uploads/2026/03/Gold-Linkage.jpeg,,, ,,,,,,,,,,,TRUE,,,Default,,,FALSE,TRUE,,,,,,,,,15.82,Default,Default,https://ebmx.com.au/wp-content/uploads/2026/03/Gold-Linkage.jpeg,pcat_01KWD5A25D7B28TNR3XW737N9G
,14-surron-lbx-central-shaft-sleeve-guard,SurRon LBX Central Shaft Sleeve Guard,,,published,https://ebmx.com.au/wp-content/uploads/2026/05/Centre-shaft-sleeve-matte.jpeg,,, ,,,,,,,,,,,TRUE,,,Default,,,FALSE,TRUE,,,,,,,,,15.82,Default,Default,https://ebmx.com.au/wp-content/uploads/2026/05/Centre-shaft-sleeve-matte.jpeg,pcat_01KWD5ANGRVZ4CFTZRMKVYGCN5
,15-surron-lbx-battery-compartment-surround,SurRon LBX Battery Compartment Surround,,,published,https://ebmx.com.au/wp-content/uploads/2026/05/Matte-battery-cover-LBX.jpeg,,, ,,,,,,,,,,,TRUE,,,Default,,,FALSE,TRUE,,,,,,,,,15.82,Default,Default,https://ebmx.com.au/wp-content/uploads/2026/05/Matte-battery-cover-LBX.jpeg,pcat_01KWD5ANGRVZ4CFTZRMKVYGCN5
,16-surron-lbx-motor-head-cover,SurRon LBX Motor Head Cover,,,published,https://ebmx.com.au/wp-content/uploads/2026/05/Matte-Motor-Cover.jpeg,,, ,,,,,,,,,,,TRUE,,,Default,,,FALSE,TRUE,,,,,,,,,12.55,Default,Default,https://ebmx.com.au/wp-content/uploads/2026/05/Matte-Motor-Cover.jpeg,pcat_01KWD5ANGRVZ4CFTZRMKVYGCN5
,17-surron-lbx-underseat-mudguard,SurRon LBX Underseat Mudguard,,,published,https://ebmx.com.au/wp-content/uploads/2026/05/Under-seat-Mudguard-Glossy-2.jpeg,,, ,,,,,,,,,,,TRUE,,,Default,,,FALSE,TRUE,,,,,,,,,24,Default,Default,https://ebmx.com.au/wp-content/uploads/2026/05/Under-seat-Mudguard-Glossy-2.jpeg,pcat_01KWD5ANGRVZ4CFTZRMKVYGCN5
,18-18-ultra-bee-oem-wheel-upgrade-kit,18″ Ultra Bee OEM Wheel Upgrade Kit,,,published,https://ebmx.com.au/wp-content/uploads/2026/05/18-Inch-Rear-UB-Wheel-Upgrade.jpeg,,, ,,,,,,,,,,,TRUE,,,Default,,,FALSE,TRUE,,,,,,,,,304.55,Default,Default,https://ebmx.com.au/wp-content/uploads/2026/05/18-Inch-Rear-UB-Wheel-Upgrade.jpeg,pcat_01KWD5AEF4A1AN27YXAWMYCMBK
,19-irc-90-100-16-heavy-duty-rear-tube,IRC 90/100-16 Heavy Duty Rear Tube,,,published,https://ebmx.com.au/wp-content/uploads/2026/05/ITU16090HD.jpg,,, ,,,,,,,,,,,TRUE,,,Default,,,FALSE,TRUE,,,,,,,,,43.18,Default,Default,https://ebmx.com.au/wp-content/uploads/2026/05/ITU16090HD.jpg,pcat_01KWD5A25D7B28TNR3XW737N9G
,20-kool-rides-go-hard-enduro-ultra-bee-upgrade-kit,Kool Rides Go Hard Enduro Ultra Bee Upgrade Kit,,,published,https://ebmx.com.au/wp-content/uploads/2026/05/jpg-5-scaled.jpg,,, ,,,,,,,,,,,TRUE,,,Default,,,FALSE,TRUE,,,,,,,,,4045.45,Default,Default,https://ebmx.com.au/wp-content/uploads/2026/05/jpg-5-scaled.jpg,pcat_01KWD5ANGRVZ4CFTZRMKVYGCN5
,21-kool-rides-give-it-heaps-lbx-upgrade-kit,Kool Rides Give It Heaps LBX Upgrade Kit,,,published,https://ebmx.com.au/wp-content/uploads/2026/05/jpg-5-scaled.jpg,,, ,,,,,,,,,,,TRUE,,,Default,,,FALSE,TRUE,,,,,,,,,2909.09,Default,Default,https://ebmx.com.au/wp-content/uploads/2026/05/jpg-5-scaled.jpg,pcat_01KWD5ANGRVZ4CFTZRMKVYGCN5
,22-16-complete-lbx-rear-wheel,16″ Complete LBX Rear Wheel,,,published,https://ebmx.com.au/wp-content/uploads/2026/05/16-Complete-Rear-Wheel.jpeg,,, ,,,,,,,,,,,TRUE,,,Default,,,FALSE,TRUE,,,,,,,,,631.82,Default,Default,https://ebmx.com.au/wp-content/uploads/2026/05/16-Complete-Rear-Wheel.jpeg,pcat_01KWD5AW6EXF7ZCS8FHJ9B9K3Q
,23-kool-rides-bling-me-up-lbx-upgrade-kit,Kool Rides Bling Me Up LBX Upgrade Kit,,,published,https://ebmx.com.au/wp-content/uploads/2026/05/jpg-5-scaled.jpg,,, ,,,,,,,,,,,TRUE,,,Default,,,FALSE,TRUE,,,,,,,,,490.91,Default,Default,https://ebmx.com.au/wp-content/uploads/2026/05/jpg-5-scaled.jpg,pcat_01KWD5ANGRVZ4CFTZRMKVYGCN5
,24-kool-rides-essential-lbx-upgrade-kit,Kool Rides Essential LBX Upgrade Kit,,,published,https://ebmx.com.au/wp-content/uploads/2026/05/jpg-5-scaled.jpg,,, ,,,,,,,,,,,TRUE,,,Default,,,FALSE,TRUE,,,,,,,,,600,Default,Default,https://ebmx.com.au/wp-content/uploads/2026/05/jpg-5-scaled.jpg,pcat_01KWD5ANGRVZ4CFTZRMKVYGCN5
,25-replacement-key-plate-for-surron-lbx-carbon-fiber,Replacement Key Plate for SurRon LBX (Carbon Fiber),,,published,https://ebmx.com.au/wp-content/uploads/2026/04/Matte-Keyplate.jpeg,,, ,,,,,,,,,,,TRUE,,,Default,,,FALSE,TRUE,,,,,,,,,20.91,Default,Default,https://ebmx.com.au/wp-content/uploads/2026/04/Matte-Keyplate.jpeg,pcat_01KWD5ANGRVZ4CFTZRMKVYGCN5
,26-surron-lbx-replacement-battery-cover,SurRon LBX Replacement Battery Cover,,,published,https://ebmx.com.au/wp-content/uploads/2026/04/Matte-battery-cover-LBX.jpeg,,, ,,,,,,,,,,,TRUE,,,Default,,,FALSE,TRUE,,,,,,,,,26.36,Default,Default,https://ebmx.com.au/wp-content/uploads/2026/04/Matte-battery-cover-LBX.jpeg,pcat_01KWD5ANGRVZ4CFTZRMKVYGCN5
,27-mpe-surron-ultra-bee-grippy-seat-cover,MPE SurRon Ultra Bee Grippy Seat Cover,,,published,https://ebmx.com.au/wp-content/uploads/2026/04/MPE-SurRon-UB-Seat-Cover.jpeg,,, ,,,,,,,,,,,TRUE,,,Default,,,FALSE,TRUE,,,,,,,,,108.18,Default,Default,https://ebmx.com.au/wp-content/uploads/2026/04/MPE-SurRon-UB-Seat-Cover.jpeg,pcat_01KWD5ANGRVZ4CFTZRMKVYGCN5
,28-mpe-surron-lbx-grippy-seat-cover,MPE SurRon LBX Grippy Seat Cover,,,published,https://ebmx.com.au/wp-content/uploads/2026/04/MPE-SurRon-LBX-Seat-Cover.jpeg,,, ,,,,,,,,,,,TRUE,,,Default,,,FALSE,TRUE,,,,,,,,,108.18,Default,Default,https://ebmx.com.au/wp-content/uploads/2026/04/MPE-SurRon-LBX-Seat-Cover.jpeg,pcat_01KWD5ANGRVZ4CFTZRMKVYGCN5
,29-oem-surron-lbx-frame-includes-frame-bearings,OEM SurRon LBX Frame (Includes Frame Bearings),,,published,https://ebmx.com.au/wp-content/uploads/2026/04/SurRon-LBX-Frame-1.jpeg,,, ,,,,,,,,,,,TRUE,,,Default,,,FALSE,TRUE,,,,,,,,,1540.91,Default,Default,https://ebmx.com.au/wp-content/uploads/2026/04/SurRon-LBX-Frame-1.jpeg,pcat_01KWD5AYRAMZQ749EY2Z9DVQJQ
,30-stage-3-surron-ultra-bee,Stage 3 SurRon Ultra Bee,,,published,https://ebmx.com.au/wp-content/uploads/2026/04/Picture1.jpg,,, ,,,,,,,,,,,TRUE,,,Default,,,FALSE,TRUE,,,,,,,,,20909.09,Default,Default,https://ebmx.com.au/wp-content/uploads/2026/04/Picture1.jpg,pcat_01KWD5B1QXY76KCF7CX69HKWZC
,31-demo-oem-ultra-bee-battery,Demo OEM Ultra Bee Battery,,"Brand New Ultra Bee OEM Batteries, Motors and Controllers are Available, contact us if you want to bundle an OEM Battery",published,https://ebmx.com.au/wp-content/uploads/2024/11/ezgif.com-webp-to-png-converter-7.png,,, ,,,,,,,,,,,TRUE,,,Default,,,FALSE,TRUE,,,,,,,,,3000,Default,Default,https://ebmx.com.au/wp-content/uploads/2024/11/ezgif.com-webp-to-png-converter-7.png,pcat_01KWD5B62V10PH3CKGCYQAJTMR
,32-oem-style-riser-stem-for-surron-lbx,OEM Style Riser Stem for SurRon LBX,,,published,https://ebmx.com.au/wp-content/uploads/2026/03/Gold-OEM-Style-Mount.jpeg,,, ,,,,,,,,,,,TRUE,,,Default,,,FALSE,TRUE,,,,,,,,,40,Default,Default,https://ebmx.com.au/wp-content/uploads/2026/03/Gold-OEM-Style-Mount.jpeg,pcat_01KWD5ANGRVZ4CFTZRMKVYGCN5
,33-lbx-cool-blue-light,LBX Cool Blue Light,,,published,https://ebmx.com.au/wp-content/uploads/2026/03/LBX-Cool-Blue-Light.jpeg,,, ,,,,,,,,,,,TRUE,,,Default,,,FALSE,TRUE,,,,,,,,,45.45,Default,Default,https://ebmx.com.au/wp-content/uploads/2026/03/LBX-Cool-Blue-Light.jpeg,pcat_01KWD5B7RQR3VM98DJ6JX3EYG9
,34-racespec-tall-boy-mx-replacement-seat-for-lbx,RaceSpec Tall Boy MX Replacement Seat for LBX,,,published,https://ebmx.com.au/wp-content/uploads/2026/03/RaceSpec-Tall-Boy-MX-Replacement-Seat-for-LBX.jpeg,,, ,,,,,,,,,,,TRUE,,,Default,,,FALSE,TRUE,,,,,,,,,63.64,Default,Default,https://ebmx.com.au/wp-content/uploads/2026/03/RaceSpec-Tall-Boy-MX-Replacement-Seat-for-LBX.jpeg,pcat_01KWD5B7RQR3VM98DJ6JX3EYG9
,35-28-6mm-riser-stems-missing-bolts,28.6mm Riser Stems (Missing Bolts),,,published,https://ebmx.com.au/wp-content/uploads/2026/03/28.6mm-Riser-Stems-Missing-Bolts-e1774489154657.jpeg,,, ,,,,,,,,,,,TRUE,,,Default,,,FALSE,TRUE,,,,,,,,,45.45,Default,Default,https://ebmx.com.au/wp-content/uploads/2026/03/28.6mm-Riser-Stems-Missing-Bolts-e1774489154657.jpeg,pcat_01KWD5A25D7B28TNR3XW737N9G
,36-ultra-bee-type-1-edb-metal-shroud,Ultra Bee Type 1 EDB Metal Shroud,,,published,https://ebmx.com.au/wp-content/uploads/2026/03/UB-type-1-ebmx-metal-shroud.jpeg,,, ,,,,,,,,,,,TRUE,,,Default,,,FALSE,TRUE,,,,,,,,,45.45,Default,Default,https://ebmx.com.au/wp-content/uploads/2026/03/UB-type-1-ebmx-metal-shroud.jpeg,pcat_01KWD5AEF4A1AN27YXAWMYCMBK
,37-edb-ultra-bee-upgraded-v1-triangle,EDB Ultra Bee Upgraded V1 Triangle,,,published,https://ebmx.com.au/wp-content/uploads/2026/03/EBMX-Ultra-Bee-Upgraded-V1-Triangle.jpeg,,, ,,,,,,,,,,,TRUE,,,Default,,,FALSE,TRUE,,,,,,,,,68.18,Default,Default,https://ebmx.com.au/wp-content/uploads/2026/03/EBMX-Ultra-Bee-Upgraded-V1-Triangle.jpeg,pcat_01KWD5BC1WZK9WCE9GNXRMHG97
,38-ntc-blue-foot-peg-brackets-for-lbx,NTC Blue Foot Peg Brackets for LBX,,,published,https://ebmx.com.au/wp-content/uploads/2026/03/NTC-Blue-Foot-Peg-Brackets-for-LBX.jpeg,,, ,,,,,,,,,,,TRUE,,,Default,,,FALSE,TRUE,,,,,,,,,45.45,Default,Default,https://ebmx.com.au/wp-content/uploads/2026/03/NTC-Blue-Foot-Peg-Brackets-for-LBX.jpeg,pcat_01KWD5B7RQR3VM98DJ6JX3EYG9
,39-ntc-blue-ignition-key-plate-for-lbx,NTC Blue Ignition Key Plate for LBX,,,published,https://ebmx.com.au/wp-content/uploads/2026/03/EBMX-Blue-Ignition-Key-Plate-for-LBX.jpeg,,, ,,,,,,,,,,,TRUE,,,Default,,,FALSE,TRUE,,,,,,,,,27.27,Default,Default,https://ebmx.com.au/wp-content/uploads/2026/03/EBMX-Blue-Ignition-Key-Plate-for-LBX.jpeg,pcat_01KWD5B7RQR3VM98DJ6JX3EYG9
,40-edb-red-ignition-key-plate-for-lbx,EDB Red Ignition Key Plate for LBX,,,published,https://ebmx.com.au/wp-content/uploads/2026/03/EBMX-Red-Ignition-Key-Plate-for-LBX.jpeg,,, ,,,,,,,,,,,TRUE,,,Default,,,FALSE,TRUE,,,,,,,,,27.27,Default,Default,https://ebmx.com.au/wp-content/uploads/2026/03/EBMX-Red-Ignition-Key-Plate-for-LBX.jpeg,pcat_01KWD5B7RQR3VM98DJ6JX3EYG9
,41-surron-lbx-hdpe-rear-guard-sale,SurRon LBX HDPE Rear Guard *Sale*,,,published,https://ebmx.com.au/wp-content/uploads/2026/03/SurRon-LBX-HDPE-Rear-Guard.jpeg,,, ,,,,,,,,,,,TRUE,,,Default,,,FALSE,TRUE,,,,,,,,,18.18,Default,Default,https://ebmx.com.au/wp-content/uploads/2026/03/SurRon-LBX-HDPE-Rear-Guard.jpeg,pcat_01KWD5A25D7B28TNR3XW737N9G
,42-ultra-bee-rear-brake-disk-protector-sale,Ultra Bee Rear Brake Disk Protector *Sale*,,,published,https://ebmx.com.au/wp-content/uploads/2026/03/UB-rear-brake-disk-protector.jpeg,,, ,,,,,,,,,,,TRUE,,,Default,,,FALSE,TRUE,,,,,,,,,45.45,Default,Default,https://ebmx.com.au/wp-content/uploads/2026/03/UB-rear-brake-disk-protector.jpeg,pcat_01KWD5B7RQR3VM98DJ6JX3EYG9
,43-edb-hdpe-lbx-baseplates-no-bolts-or-brackets-end-of-line-sale,EDB HDPE LBX Baseplates (No Bolts or Brackets) *End Of Line Sale!*,,,published,https://ebmx.com.au/wp-content/uploads/2026/03/ebmx-HDPE-LBX-baseplates.jpeg,,, ,,,,,,,,,,,TRUE,,,Default,,,FALSE,TRUE,,,,,,,,,53.64,Default,Default,https://ebmx.com.au/wp-content/uploads/2026/03/ebmx-HDPE-LBX-baseplates.jpeg,pcat_01KWD5B7RQR3VM98DJ6JX3EYG9
,44-ultra-bee-race-harness-v3-x-9000-compatible,Ultra Bee Race Harness (V3 X-9000 Compatible),,,published,https://ebmx.com.au/wp-content/uploads/2026/03/Ultra-Bee-V3-Race-Harness.jpg,,, ,,,,,,,,,,,TRUE,,,Default,,,FALSE,TRUE,,,,,,,,,230.91,Default,Default,https://ebmx.com.au/wp-content/uploads/2026/03/Ultra-Bee-V3-Race-Harness.jpg,pcat_01KWD5BEK4CNJN5RCG0RJRDEWT
,45-snapback-brake-lever-replacement-upgrade-for-surron-lbx,Snapback Brake Lever Replacement/Upgrade for SurRon LBX,,Price is for a single snapback brake lever. We highly recommending ordering two to replace both brake levers at the same,published,https://ebmx.com.au/wp-content/uploads/2026/03/LBX-Brake-Lever.jpeg,,, ,,,,,,,,,,,TRUE,,,Default,,,FALSE,TRUE,,,,,,,,,40,Default,Default,https://ebmx.com.au/wp-content/uploads/2026/03/LBX-Brake-Lever.jpeg,pcat_01KWD5ANGRVZ4CFTZRMKVYGCN5
,46-brake-reservoir-cap-for-surron-lbx,Brake Reservoir Cap for SurRon LBX,,,published,https://ebmx.com.au/wp-content/uploads/2026/03/LBX-Brake-Reservoir-Cap-All-Colours.jpeg,,, ,,,,,,,,,,,TRUE,,,Default,,,FALSE,TRUE,,,,,,,,,22.73,Default,Default,https://ebmx.com.au/wp-content/uploads/2026/03/LBX-Brake-Reservoir-Cap-All-Colours.jpeg,pcat_01KWD5ANGRVZ4CFTZRMKVYGCN5
,47-headlight-switch-for-surron-lbx-talaria-sting,Headlight Switch for SurRon LBX/Talaria Sting,,,published,https://ebmx.com.au/wp-content/uploads/2026/03/LBX-Headlight-Switch-All-Colours.jpeg,,, ,,,,,,,,,,,TRUE,,,Default,,,FALSE,TRUE,,,,,,,,,54.5,Default,Default,https://ebmx.com.au/wp-content/uploads/2026/03/LBX-Headlight-Switch-All-Colours.jpeg,pcat_01KWD5ANGRVZ4CFTZRMKVYGCN5
,48-lbx-seat-lowering-kits,LBX Seat Lowering Kits,,,published,https://ebmx.com.au/wp-content/uploads/2026/02/Seat-Lowering-Kit-1.jpeg,,, ,,,,,,,,,,,TRUE,,,Default,,,FALSE,TRUE,,,,,,,,,110,Default,Default,https://ebmx.com.au/wp-content/uploads/2026/02/Seat-Lowering-Kit-1.jpeg,pcat_01KWD5A25D7B28TNR3XW737N9G
,49-demo-e-ride-front-forks-and-optional-rear-shock,Demo E-Ride Front Forks and Optional Rear Shock,,,published,https://ebmx.com.au/wp-content/uploads/2026/02/E-Ride-Front-Forks-2.jpeg,,, ,,,,,,,,,,,TRUE,,,Default,,,FALSE,TRUE,,,,,,,,,800,Default,Default,https://ebmx.com.au/wp-content/uploads/2026/02/E-Ride-Front-Forks-2.jpeg,pcat_01KWD5BH4CM3P12F11N4EPX6ZM
,50-surron-lbx-oem-sport-eco-switch,SurRon LBX OEM Sport/Eco Switch,,,published,https://ebmx.com.au/wp-content/uploads/2026/01/SurRon-LBX-OEM-SportEco-Switch.jpg,,, ,,,,,,,,,,,TRUE,,,Default,,,FALSE,TRUE,,,,,,,,,30,Default,Default,https://ebmx.com.au/wp-content/uploads/2026/01/SurRon-LBX-OEM-SportEco-Switch.jpg,pcat_01KWD5AYRAMZQ749EY2Z9DVQJQ
,51-e-ride-sr-pro-long-seat-upgrade-pre-order,E-Ride SR Pro Long Seat Upgrade (Pre-Order),,,published,https://ebmx.com.au/wp-content/uploads/2026/01/SR-Long-Seat-1.jpeg,,, ,,,,,,,,,,,TRUE,,,Default,,,FALSE,TRUE,,,,,,,,,686,Default,Default,https://ebmx.com.au/wp-content/uploads/2026/01/SR-Long-Seat-1.jpeg,pcat_01KWD5BH4CM3P12F11N4EPX6ZM
,52-ultra-bee-chain-guard-set,Ultra Bee Chain Guard Set,,,published,https://ebmx.com.au/wp-content/uploads/2026/01/Chain-Guard-Set.jpeg,,, ,,,,,,,,,,,TRUE,,,Default,,,FALSE,TRUE,,,,,,,,,113.64,Default,Default,https://ebmx.com.au/wp-content/uploads/2026/01/Chain-Guard-Set.jpeg,pcat_01KWD5AEF4A1AN27YXAWMYCMBK
,53-ultra-bee-rear-disc-guard,Ultra Bee Rear Disc Guard,,,published,https://ebmx.com.au/wp-content/uploads/2026/01/Rear-Disc-Guard-Black.jpeg,,, ,,,,,,,,,,,TRUE,,,Default,,,FALSE,TRUE,,,,,,,,,100,Default,Default,https://ebmx.com.au/wp-content/uploads/2026/01/Rear-Disc-Guard-Black.jpeg,pcat_01KWD5AEF4A1AN27YXAWMYCMBK
,54-oem-ultra-bee-jackshaft,OEM Ultra Bee Jackshaft,,,published,https://ebmx.com.au/wp-content/uploads/2025/11/OEM-UB-Jackshaft.jpeg,,, ,,,,,,,,,,,TRUE,,,Default,,,FALSE,TRUE,,,,,,,,,168.18,Default,Default,https://ebmx.com.au/wp-content/uploads/2025/11/OEM-UB-Jackshaft.jpeg,pcat_01KWD5AYRAMZQ749EY2Z9DVQJQ
,55-ugreen-bluetooth-smart-finder-compatible-with-apple-ios-only,UGreen Bluetooth Smart Finder (Compatible with Apple IOS Only),,,published,https://ebmx.com.au/wp-content/uploads/2025/11/WhatsApp-Image-2025-11-06-at-13.33.52_8d09198c.jpg,,, ,,,,,,,,,,,TRUE,,,Default,,,FALSE,TRUE,,,,,,,,,71.82,Default,Default,https://ebmx.com.au/wp-content/uploads/2025/11/WhatsApp-Image-2025-11-06-at-13.33.52_8d09198c.jpg,pcat_01KWD5A25D7B28TNR3XW737N9G
,56-replacement-upper-bushing-for-yss-shock,Replacement Upper Bushing for YSS Shock,,,published,https://ebmx.com.au/wp-content/uploads/2025/10/WhatsApp-Image-2025-10-30-at-16.35.10_3fe0887a.jpg,,, ,,,,,,,,,,,TRUE,,,Default,,,FALSE,TRUE,,,,,,,,,60,Default,Default,https://ebmx.com.au/wp-content/uploads/2025/10/WhatsApp-Image-2025-10-30-at-16.35.10_3fe0887a.jpg,pcat_01KWD5A25D7B28TNR3XW737N9G
,57-direct-mount-stem-fits-surron-lbx-talaria-mx-sting-e-ride-pro,"Direct Mount Stem (Fits SurRon LBX, Talaria MX Sting, E-Ride Pro)",,,published,https://ebmx.com.au/wp-content/uploads/2025/10/WhatsApp-Image-2025-10-21-at-15.46.28_589e5c42.jpg,,, ,,,,,,,,,,,TRUE,,,Default,,,FALSE,TRUE,,,,,,,,,136.36,Default,Default,https://ebmx.com.au/wp-content/uploads/2025/10/WhatsApp-Image-2025-10-21-at-15.46.28_589e5c42.jpg,pcat_01KWD5A25D7B28TNR3XW737N9G
,58-850mm-fastace-forks-and-320mm-rear-shock-for-surron-ultra-bee,850mm Fastace Forks and 320mm Rear-Shock for SuRron Ultra Bee,,,published,https://ebmx.com.au/wp-content/uploads/2025/10/WhatsApp-Image-2025-10-16-at-13.11.49_32128f31.jpg,,, ,,,,,,,,,,,TRUE,,,Default,,,FALSE,TRUE,,,,,,,,,1400,Default,Default,https://ebmx.com.au/wp-content/uploads/2025/10/WhatsApp-Image-2025-10-16-at-13.11.49_32128f31.jpg,pcat_01KWD5AEF4A1AN27YXAWMYCMBK
,59-skid-plates-for-surron-ultra-bee,Skid Plates for SurRon Ultra Bee,,,published,https://ebmx.com.au/wp-content/uploads/2025/10/ezgif.com-webp-to-png-converter-26.png,,, ,,,,,,,,,,,TRUE,,,Default,,,FALSE,TRUE,,,,,,,,,355,Default,Default,https://ebmx.com.au/wp-content/uploads/2025/10/ezgif.com-webp-to-png-converter-26.png,pcat_01KWD5AEF4A1AN27YXAWMYCMBK
,60-x-9000-controller-1-2-harness-version-3,X-9000 Controller – 1-2 Harness (Version 3),,,published,https://ebmx.com.au/wp-content/uploads/2025/10/V3-2-1-Harness.jpeg,,, ,,,,,,,,,,,TRUE,,,Default,,,FALSE,TRUE,,,,,,,,,35,Default,Default,https://ebmx.com.au/wp-content/uploads/2025/10/V3-2-1-Harness.jpeg,pcat_01KWD5BPB0J1RW0Z3Y9HR3W5PD
,61-extended-kickstand-for-surron-lbx,Extended Kickstand for SurRon LBX,,,published,https://ebmx.com.au/wp-content/uploads/2025/10/WhatsApp-Image-2025-10-02-at-08.27.24_1137955d.jpg,,, ,,,,,,,,,,,TRUE,,,Default,,,FALSE,TRUE,,,,,,,,,57.5,Default,Default,https://ebmx.com.au/wp-content/uploads/2025/10/WhatsApp-Image-2025-10-02-at-08.27.24_1137955d.jpg,pcat_01KWD5A25D7B28TNR3XW737N9G
,62-surron-ultra-bee-hp-road-registerable-version-1-000-deposit-to-s,"SurRon Ultra Bee HP (Road Registerable Version) – ($1,000 Deposit to Secure a 2026 Model Bike from the July Shipment)",,VIP Motor Courier Service Available – Please Contact Us for More Information,published,https://ebmx.com.au/wp-content/uploads/2025/09/ULTRA-BEE-HP-R-1.jpg,,, ,,,,,,,,,,,TRUE,,,Default,,,FALSE,TRUE,,,,,,,,,9536.36,Default,Default,https://ebmx.com.au/wp-content/uploads/2025/09/ULTRA-BEE-HP-R-1.jpg,pcat_01KWD5AAM06XPYTY499EY7C57F
,63-e-ride-oem-brake-pads-suitable-for-the-3-0-and-sr,E-Ride OEM Brake Pads (Suitable for the 3.0 and SR),,"Please be aware, if you are replacing both the front and rear brake pads, you will need to buy two sets. If you are only",published,https://ebmx.com.au/wp-content/uploads/2025/09/WhatsApp-Image-2025-09-09-at-09.28.13_980ca76c.jpg,,, ,,,,,,,,,,,TRUE,,,Default,,,FALSE,TRUE,,,,,,,,,60,Default,Default,https://ebmx.com.au/wp-content/uploads/2025/09/WhatsApp-Image-2025-09-09-at-09.28.13_980ca76c.jpg,pcat_01KWD5BH4CM3P12F11N4EPX6ZM
,64-x-9000-controller-sw102t-colour-display-version-3-compatible,X-9000 Controller – SW102T Colour Display (Version 3 Compatible),,,published,https://ebmx.com.au/wp-content/uploads/2025/09/E-PU-AA59-XX-X-X-9000_V3-SW102T-Colour-Display.png,,, ,,,,,,,,,,,TRUE,,,Default,,,FALSE,TRUE,,,,,,,,,165,Default,Default,https://ebmx.com.au/wp-content/uploads/2025/09/E-PU-AA59-XX-X-X-9000_V3-SW102T-Colour-Display.png,pcat_01KWD5BPB0J1RW0Z3Y9HR3W5PD
,65-ultra-bee-18-rear-wheel-no-tyre,Ultra Bee 18″ Rear Wheel (No Tyre),,,published,https://ebmx.com.au/wp-content/uploads/2025/08/WhatsApp-Image-2025-08-14-at-11.31.52_c98a997a-1.jpg,,, ,,,,,,,,,,,TRUE,,,Default,,,FALSE,TRUE,,,,,,,,,300,Default,Default,https://ebmx.com.au/wp-content/uploads/2025/08/WhatsApp-Image-2025-08-14-at-11.31.52_c98a997a-1.jpg,pcat_01KWD5AW6EXF7ZCS8FHJ9B9K3Q
,66-o-rings-and-thermal-pads-for-x-9000-heatsinks-v2-and-v3-compatib,O-Rings and Thermal Pads for X-9000 Heatsinks (V2 and V3 Compatible),,,published,https://ebmx.com.au/wp-content/uploads/2025/08/WhatsApp-Image-2025-08-05-at-14.59.04_ed8f2975.jpg,,, ,,,,,,,,,,,TRUE,,,Default,,,FALSE,TRUE,,,,,,,,,22.73,Default,Default,https://ebmx.com.au/wp-content/uploads/2025/08/WhatsApp-Image-2025-08-05-at-14.59.04_ed8f2975.jpg,pcat_01KWD5BEK4CNJN5RCG0RJRDEWT
,67-light-bee-race-harness-v2-x-9000-compatible-special-order-contac,Light Bee Race Harness (V2 X-9000 Compatible) – Special Order (Contact Us),,"Please Note: This is not compatible with the new V3 X-9000 Controllers. If you are unsure what Controller you have, plea",published,https://ebmx.com.au/wp-content/uploads/2024/12/E-PU-AA28-XX-X-Light-Bee-Race-Harness.jpg,,, ,,,,,,,,,,,TRUE,,,Default,,,FALSE,TRUE,,,,,,,,,175,Default,Default,https://ebmx.com.au/wp-content/uploads/2024/12/E-PU-AA28-XX-X-Light-Bee-Race-Harness.jpg,pcat_01KWD5BRXDKCH35B8B41A2FDGJ
,68-x-9000-version-2-eride-pro-2-0-harness-and-mounting-kit-excludes,X-9000 Version 2 eRide Pro 2.0 Harness and Mounting Kit (excludes controller),,Please only purchase this if you have a V2 Controller. This is not compatible with the new V3 Controllers.,published,https://ebmx.com.au/wp-content/uploads/2024/06/X-9000-eRide-Pro-Harness-and-Mounting-Kit-excludes-controller.jpg,,, ,,,,,,,,,,,TRUE,,,Default,,,FALSE,TRUE,,,,,,,,,,Default,Default,https://ebmx.com.au/wp-content/uploads/2024/06/X-9000-eRide-Pro-Harness-and-Mounting-Kit-excludes-controller.jpg,pcat_01KWD5BH4CM3P12F11N4EPX6ZM
,69-x-9000-version-2-talaria-xxx-harness-and-brackets-excludes-contr,X-9000 Version 2 Talaria XXX Harness and Brackets (excludes controller) – Special Order (Contact Us),,Please only purchase this if you have a V2 Controller. This is not compatible with the new V3 Controllers.,published,https://ebmx.com.au/wp-content/uploads/2024/09/E0903A04-HRNBKXXX-10-X-9000-Talaria-XXX-Harness-and-Brackets-excludes-controller.jpg,,, ,,,,,,,,,,,TRUE,,,Default,,,FALSE,TRUE,,,,,,,,,,Default,Default,https://ebmx.com.au/wp-content/uploads/2024/09/E0903A04-HRNBKXXX-10-X-9000-Talaria-XXX-Harness-and-Brackets-excludes-controller.jpg,pcat_01KWD5BVFXMSGGSM3SX8XAN7CV
,70-x-9000-version-2-e-ride-pro-3-0-harness-and-mounting-kit-exclude,X-9000 (Version 2) E-Ride Pro 3.0 Harness and Mounting Kit (excludes controller),,Please only purchase this if you have a V2 Controller. This is not compatible with the new V3 Controllers.,published,https://ebmx.com.au/wp-content/uploads/2025/03/WhatsApp-Image-2025-03-27-at-11.30.58_5b7d7c2d.jpg,,, ,,,,,,,,,,,TRUE,,,Default,,,FALSE,TRUE,,,,,,,,,,Default,Default,https://ebmx.com.au/wp-content/uploads/2025/03/WhatsApp-Image-2025-03-27-at-11.30.58_5b7d7c2d.jpg,pcat_01KWD5BH4CM3P12F11N4EPX6ZM
,71-ultra-bee-harness-brackets-for-the-version-2-x-9000-no-controlle,Ultra Bee Harness & Brackets for the Version 2 X-9000 (No Controller Included),,Please only purchase this if you have a V2 Controller. This is not compatible with the new V3 Controllers.,published,https://ebmx.com.au/wp-content/uploads/2023/05/Ultra-Bee-Brackets-and-Harness.jpg,,, ,,,,,,,,,,,TRUE,,,Default,,,FALSE,TRUE,,,,,,,,,200,Default,Default,https://ebmx.com.au/wp-content/uploads/2023/05/Ultra-Bee-Brackets-and-Harness.jpg,pcat_01KWD5BRXDKCH35B8B41A2FDGJ
,72-x-9000-controller-version-2-talaria-sting-harness,X-9000 Controller (Version 2) – Talaria Sting Harness,,Please only purchase this if you have a V2 Controller. This is not compatible with the new V3 Controllers.,published,https://ebmx.com.au/wp-content/uploads/2023/02/Talaria-Harness.jpg,,, ,,,,,,,,,,,TRUE,,,Default,,,FALSE,TRUE,,,,,,,,,90,Default,Default,https://ebmx.com.au/wp-content/uploads/2023/02/Talaria-Harness.jpg,pcat_01KWD5BPB0J1RW0Z3Y9HR3W5PD
,73-x-9000-controller-version-2-surron-light-bee-harness,X-9000 Controller (Version 2) – SurRon Light Bee Harness,,Please only purchase this if you have a V2 Controller. This is not compatible with the new V3 Controllers.,published,https://ebmx.com.au/wp-content/uploads/2023/02/SurRon-Harness.jpg,,, ,,,,,,,,,,,TRUE,,,Default,,,FALSE,TRUE,,,,,,,,,90,Default,Default,https://ebmx.com.au/wp-content/uploads/2023/02/SurRon-Harness.jpg,pcat_01KWD5BRXDKCH35B8B41A2FDGJ
,74-edb-xlb-60-harness-and-mounts-for-v3-x-9000-select-one,EDB XLB-60 Harness and Mounts for V3 X-9000 (Select One),,Please Note: Product in the picture is the E-Ride Pro Harness and Mounts. Talaria XXX and SurRon LBX harnesses will look,published,https://ebmx.com.au/wp-content/uploads/2025/07/E-PU-AA62-XX-TXX-9000_V3-XLB-60-Harness-and-Mount.png,,, ,,,,,,,,,,,TRUE,,,Default,,,FALSE,TRUE,,,,,,,,,90,Default,Default,https://ebmx.com.au/wp-content/uploads/2025/07/E-PU-AA62-XX-TXX-9000_V3-XLB-60-Harness-and-Mount.png,pcat_01KWD5BPB0J1RW0Z3Y9HR3W5PD
,75-edb-v3-x-9000-controller-kit-includes-the-smaller-sw102t-colour-,EDB V3 X-9000 Controller Kit – Includes the Smaller SW102T Colour Display (Please Add a Harness),,Please refer to the last product picture or read the extended “Important Warranty Information” section of the product de,published,https://ebmx.com.au/wp-content/uploads/2023/02/X-9000_V3-front.jpg,,, ,,,,,,,,,,,TRUE,,,Default,,,FALSE,TRUE,,,,,,,,,1195,Default,Default,https://ebmx.com.au/wp-content/uploads/2023/02/X-9000_V3-front.jpg,pcat_01KWD5BRXDKCH35B8B41A2FDGJ
,76-edb-aluminium-bash-plate-v2-to-suit-oem-lbx-or-xlb-60-motor-back,EDB Aluminium Bash Plate V2 to suit OEM LBX or XLB-60 Motor (Backorder – ETA Late June),,,published,https://ebmx.com.au/wp-content/uploads/2025/06/E-MU-AB13-BK-X-EBMX-X-Logo-Premium-Aluminum-Bash-Guard-for-Light-Bee.png,,, ,,,,,,,,,,,TRUE,,,Default,,,FALSE,TRUE,,,,,,,,,213.64,Default,Default,https://ebmx.com.au/wp-content/uploads/2025/06/E-MU-AB13-BK-X-EBMX-X-Logo-Premium-Aluminum-Bash-Guard-for-Light-Bee.png,pcat_01KWD5BRXDKCH35B8B41A2FDGJ
,77-edb-xta-60-motor-suitable-for-talaria-mx3-mx4-and-mx-5,"EDB XTA-60 Motor (Suitable for Talaria MX3, MX4 and MX 5)",,This Motor is only compatible with the EBMX X-9000 Controller. This is not compatible with the OEM Controller or any oth,published,https://ebmx.com.au/wp-content/uploads/2025/06/E-PU-AA70-XX-X-EBMX-XTA-60-Motor.png,,, ,,,,,,,,,,,TRUE,,,Default,,,FALSE,TRUE,,,,,,,,,2136.36,Default,Default,https://ebmx.com.au/wp-content/uploads/2025/06/E-PU-AA70-XX-X-EBMX-XTA-60-Motor.png,pcat_01KWD5BVFXMSGGSM3SX8XAN7CV
,78-headlight-cover-for-ultra-bee,Headlight Cover for Ultra Bee,,,published,https://ebmx.com.au/wp-content/uploads/2025/06/WhatsApp-Image-2025-06-13-at-13.50.29_c844b8ea.jpg,,, ,,,,,,,,,,,TRUE,,,Default,,,FALSE,TRUE,,,,,,,,,54.55,Default,Default,https://ebmx.com.au/wp-content/uploads/2025/06/WhatsApp-Image-2025-06-13-at-13.50.29_c844b8ea.jpg,pcat_01KWD5AEF4A1AN27YXAWMYCMBK
,79-lbx-half-brake-assembly-excludes-wheel-calliper-choose-left-rear,LBX Half Brake Assembly – Excludes Wheel Calliper (Choose Left Rear or Right Front) (End of Line),,,published,https://ebmx.com.au/wp-content/uploads/2025/06/ezgif.com-webp-to-png-converter-22.png,,, ,,,,,,,,,,,TRUE,,,Default,,,FALSE,TRUE,,,,,,,,,123.64,Default,Default,https://ebmx.com.au/wp-content/uploads/2025/06/ezgif.com-webp-to-png-converter-22.png,pcat_01KWD5AYRAMZQ749EY2Z9DVQJQ
,80-surron-lbx-2025-oem-battery,SurRon LBX 2025 OEM Battery,,,published,https://ebmx.com.au/wp-content/uploads/2025/06/WhatsApp-Image-2025-06-12-at-08.10.30_14a9acfc.jpg,,, ,,,,,,,,,,,TRUE,,,Default,,,FALSE,TRUE,,,,,,,,,1681.82,Default,Default,https://ebmx.com.au/wp-content/uploads/2025/06/WhatsApp-Image-2025-06-12-at-08.10.30_14a9acfc.jpg,pcat_01KWD5AYRAMZQ749EY2Z9DVQJQ
,81-ultra-bee-wiring-harness-oem,Ultra Bee Wiring Harness OEM,,,published,https://ebmx.com.au/wp-content/uploads/2025/06/Ultra-Bee-Wiring-Harness.jpg,,, ,,,,,,,,,,,TRUE,,,Default,,,FALSE,TRUE,,,,,,,,,200,Default,Default,https://ebmx.com.au/wp-content/uploads/2025/06/Ultra-Bee-Wiring-Harness.jpg,pcat_01KWD5AYRAMZQ749EY2Z9DVQJQ
,82-brake-levers-and-oem-handbrake-for-ultra-bee,Brake Levers and OEM Handbrake For Ultra Bee,,,published,https://ebmx.com.au/wp-content/uploads/2025/06/WhatsApp-Image-2025-06-11-at-14.50.35_f09c01b2.jpg,,, ,,,,,,,,,,,TRUE,,,Default,,,FALSE,TRUE,,,,,,,,,109.09,Default,Default,https://ebmx.com.au/wp-content/uploads/2025/06/WhatsApp-Image-2025-06-11-at-14.50.35_f09c01b2.jpg,pcat_01KWD5BXKS49WXKPQB78JCWGCC
,83-pillion-peg-and-handle-set-for-ultra-bee-special-order-contact-u,Pillion Peg and Handle Set for Ultra Bee (Special Order – Contact Us),,,published,https://ebmx.com.au/wp-content/uploads/2025/06/WhatsApp-Image-2025-06-11-at-14.50.35_9449c0c9.jpg,,, ,,,,,,,,,,,TRUE,,,Default,,,FALSE,TRUE,,,,,,,,,159.09,Default,Default,https://ebmx.com.au/wp-content/uploads/2025/06/WhatsApp-Image-2025-06-11-at-14.50.35_9449c0c9.jpg,pcat_01KWD5AEF4A1AN27YXAWMYCMBK
,84-lbx-titanium-pivot-shaft-with-rainbow-ends,LBX Titanium Pivot Shaft with Rainbow Ends,,,published,https://ebmx.com.au/wp-content/uploads/2025/06/WhatsApp-Image-2025-06-11-at-14.50.35_d8a10d3b.jpg,,, ,,,,,,,,,,,TRUE,,,Default,,,FALSE,TRUE,,,,,,,,,80,Default,Default,https://ebmx.com.au/wp-content/uploads/2025/06/WhatsApp-Image-2025-06-11-at-14.50.35_d8a10d3b.jpg,pcat_01KWD5A25D7B28TNR3XW737N9G
,85-ultra-bee-oem-handlebars,Ultra Bee OEM Handlebars,,,published,https://ebmx.com.au/wp-content/uploads/2025/06/ezgif.com-webp-to-png-converter-21.png,,, ,,,,,,,,,,,TRUE,,,Default,,,FALSE,TRUE,,,,,,,,,67.95,Default,Default,https://ebmx.com.au/wp-content/uploads/2025/06/ezgif.com-webp-to-png-converter-21.png,pcat_01KWD5AYRAMZQ749EY2Z9DVQJQ
,86-edb-extended-swing-arm-v2-compatible-with-surron-lbx,EDB Extended Swing Arm V2 (Compatible with SurRon LBX),,,published,https://ebmx.com.au/wp-content/uploads/2025/06/LB-1.png,,, ,,,,,,,,,,,TRUE,,,Default,,,FALSE,TRUE,,,,,,,,,1309.09,Default,Default,https://ebmx.com.au/wp-content/uploads/2025/06/LB-1.png,pcat_01KWD5BRXDKCH35B8B41A2FDGJ
,87-ultra-bee-brake-levers,Ultra Bee Brake Levers,,,published,https://ebmx.com.au/wp-content/uploads/2025/06/Black-UB-Brake-Levers-1.jpeg,,, ,,,,,,,,,,,TRUE,,,Default,,,FALSE,TRUE,,,,,,,,,95.45,Default,Default,https://ebmx.com.au/wp-content/uploads/2025/06/Black-UB-Brake-Levers-1.jpeg,pcat_01KWD5AYRAMZQ749EY2Z9DVQJQ
,88-ultra-bee-black-plastic-side-panel-set-left-right-lower-upper,Ultra Bee Black Plastic Side Panel Set (Left/Right & Lower/Upper),,,published,https://ebmx.com.au/wp-content/uploads/2025/06/WhatsApp-Image-2025-05-30-at-10.01.42_1b7f3fdf.jpg,,, ,,,,,,,,,,,TRUE,,,Default,,,FALSE,TRUE,,,,,,,,,195,Default,Default,https://ebmx.com.au/wp-content/uploads/2025/06/WhatsApp-Image-2025-05-30-at-10.01.42_1b7f3fdf.jpg,pcat_01KWD5AYRAMZQ749EY2Z9DVQJQ
,89-ultra-bee-black-plastic-headlight-surround,Ultra Bee Black Plastic Headlight Surround,,,published,https://ebmx.com.au/wp-content/uploads/2025/06/WhatsApp-Image-2025-05-30-at-10.48.49_2c91fd83.jpg,,, ,,,,,,,,,,,TRUE,,,Default,,,FALSE,TRUE,,,,,,,,,44.55,Default,Default,https://ebmx.com.au/wp-content/uploads/2025/06/WhatsApp-Image-2025-05-30-at-10.48.49_2c91fd83.jpg,pcat_01KWD5AYRAMZQ749EY2Z9DVQJQ
,90-ultra-bee-shock-guard,Ultra Bee Shock Guard,,,published,https://ebmx.com.au/wp-content/uploads/2025/06/1893477151_max.jpg,,, ,,,,,,,,,,,TRUE,,,Default,,,FALSE,TRUE,,,,,,,,,53.64,Default,Default,https://ebmx.com.au/wp-content/uploads/2025/06/1893477151_max.jpg,pcat_01KWD5AYRAMZQ749EY2Z9DVQJQ
,91-surron-lbx-2025-and-ultra-bee-throttle-grip-cover-left-and-right,SurRon LBX 2025 and Ultra Bee Throttle Grip Cover (Left and Right),,"We have Right Grips in Stock, left grips are on back order.",published,https://ebmx.com.au/wp-content/uploads/2025/06/SurRon-Rubber-Throttle-Grip-Cover.jpg,,, ,,,,,,,,,,,TRUE,,,Default,,,FALSE,TRUE,,,,,,,,,50,Default,Default,https://ebmx.com.au/wp-content/uploads/2025/06/SurRon-Rubber-Throttle-Grip-Cover.jpg,pcat_01KWD5AYRAMZQ749EY2Z9DVQJQ
,92-shinko-241-3-00-18-tyre-suitable-for-surron-lbx-ub-e-ride-3-0-an,"Shinko 241 3.00-18 Tyre (Suitable for SurRon LBX & UB, E-Ride 3.0 and SR)",,,published,https://ebmx.com.au/wp-content/uploads/2025/05/ezgif.com-webp-to-png-converter-20.png,,, ,,,,,,,,,,,TRUE,,,Default,,,FALSE,TRUE,,,,,,,,,74.25,Default,Default,https://ebmx.com.au/wp-content/uploads/2025/05/ezgif.com-webp-to-png-converter-20.png,pcat_01KWD5AW6EXF7ZCS8FHJ9B9K3Q
,93-ultra-bee-19-fat-wheel-2-15-rims,Ultra Bee 19″ Fat Wheel 2.15″ Rims,,,published,https://ebmx.com.au/wp-content/uploads/2025/05/UB-19-Rims.jpg,,, ,,,,,,,,,,,TRUE,,,Default,,,FALSE,TRUE,,,,,,,,,150,Default,Default,https://ebmx.com.au/wp-content/uploads/2025/05/UB-19-Rims.jpg,pcat_01KWD5AW6EXF7ZCS8FHJ9B9K3Q
,94-14-inch-front-90-90-14-rear-100-90-14-tyres,14 inch Front 90/90-14 & Rear 100/90-14 Tyres,,,published,https://ebmx.com.au/wp-content/uploads/2025/05/14-Tyres.jpg,,, ,,,,,,,,,,,TRUE,,,Default,,,FALSE,TRUE,,,,,,,,,72.73,Default,Default,https://ebmx.com.au/wp-content/uploads/2025/05/14-Tyres.jpg,pcat_01KWD5AW6EXF7ZCS8FHJ9B9K3Q
,95-ultra-bee-oem-19-front-wheel-1-4-wide-80-100-19-mx-tyre,Ultra Bee OEM 19″ Front Wheel 1.4″ Wide (80/100-19 MX Tyre),,,published,https://ebmx.com.au/wp-content/uploads/2025/05/19-front-UB-wheel-complete-with-80100-19-mx-tyre.jpg,,, ,,,,,,,,,,,TRUE,,,Default,,,FALSE,TRUE,,,,,,,,,330,Default,Default,https://ebmx.com.au/wp-content/uploads/2025/05/19-front-UB-wheel-complete-with-80100-19-mx-tyre.jpg,pcat_01KWD5AW6EXF7ZCS8FHJ9B9K3Q
,96-ultra-bee-oem-19-front-wheel-2-15-wide-90-90-19-dual-sport-tyres,Ultra Bee OEM 19″ Front Wheel 2.15″ Wide (90/90-19 Dual Sport Tyres),,,published,https://ebmx.com.au/wp-content/uploads/2025/05/UB-19-inch-front-wheels-complete-with-rotor-and-90-90-dual-sport-tyres.jpg,,, ,,,,,,,,,,,TRUE,,,Default,,,FALSE,TRUE,,,,,,,,,330,Default,Default,https://ebmx.com.au/wp-content/uploads/2025/05/UB-19-inch-front-wheels-complete-with-rotor-and-90-90-dual-sport-tyres.jpg,pcat_01KWD5AW6EXF7ZCS8FHJ9B9K3Q
,97-ultra-bee-race-harness-v2-x-9000-only,Ultra Bee Race Harness (V2 X-9000 Only),,,published,https://ebmx.com.au/wp-content/uploads/2025/05/E-PU-AA26-XX-X-Ultra-Bee-Race-Harness.png,,, ,,,,,,,,,,,TRUE,,,Default,,,FALSE,TRUE,,,,,,,,,175,Default,Default,https://ebmx.com.au/wp-content/uploads/2025/05/E-PU-AA26-XX-X-Ultra-Bee-Race-Harness.png,pcat_01KWD5BC1WZK9WCE9GNXRMHG97
,98-custom-build-surron-lbx-with-x-9000-controller-13kw-of-power,Custom Build SurRon LBX with X-9000 Controller – 13kW of Power!,,VIP Motor Courier Service Available – Please Contact Us for More Information,published,https://ebmx.com.au/wp-content/uploads/2025/05/Custom-Built-LBX.jpg,,, ,,,,,,,,,,,TRUE,,,Default,,,FALSE,TRUE,,,,,,,,,8590.91,Default,Default,https://ebmx.com.au/wp-content/uploads/2025/05/Custom-Built-LBX.jpg,pcat_01KWD5B1QXY76KCF7CX69HKWZC
,99-ultra-bee-drop-pegs-special-order,Ultra Bee Drop Pegs (Special Order),,,published,https://ebmx.com.au/wp-content/uploads/2025/05/UB-Drop-Pegs.jpg,,, ,,,,,,,,,,,TRUE,,,Default,,,FALSE,TRUE,,,,,,,,,268.18,Default,Default,https://ebmx.com.au/wp-content/uploads/2025/05/UB-Drop-Pegs.jpg,pcat_01KWD5AEF4A1AN27YXAWMYCMBK
,100-oem-surron-lbx-dc-dc-converter,OEM SurRon LBX DC/DC Converter,,,published,https://ebmx.com.au/wp-content/uploads/2025/05/ezgif.com-webp-to-png-converter-19.png,,, ,,,,,,,,,,,TRUE,,,Default,,,FALSE,TRUE,,,,,,,,,60,Default,Default,https://ebmx.com.au/wp-content/uploads/2025/05/ezgif.com-webp-to-png-converter-19.png,pcat_01KWD5AYRAMZQ749EY2Z9DVQJQ
,101-ultra-bee-black-hand-guards,Ultra Bee Black Hand Guards,,,published,https://ebmx.com.au/wp-content/uploads/2025/05/ezgif.com-webp-to-png-converter-18.png,,, ,,,,,,,,,,,TRUE,,,Default,,,FALSE,TRUE,,,,,,,,,48,Default,Default,https://ebmx.com.au/wp-content/uploads/2025/05/ezgif.com-webp-to-png-converter-18.png,pcat_01KWD5AYRAMZQ749EY2Z9DVQJQ
,102-ultra-bee-black-plastic-rear-fender,Ultra Bee Black Plastic Rear Fender,,,published,https://ebmx.com.au/wp-content/uploads/2025/05/ezgif.com-webp-to-png-converter-15.png,,, ,,,,,,,,,,,TRUE,,,Default,,,FALSE,TRUE,,,,,,,,,99.32,Default,Default,https://ebmx.com.au/wp-content/uploads/2025/05/ezgif.com-webp-to-png-converter-15.png,pcat_01KWD5AYRAMZQ749EY2Z9DVQJQ
,103-ultra-bee-black-plastic-front-fender,Ultra Bee Black Plastic Front Fender,,,published,https://ebmx.com.au/wp-content/uploads/2025/05/ezgif.com-webp-to-png-converter-14.png,,, ,,,,,,,,,,,TRUE,,,Default,,,FALSE,TRUE,,,,,,,,,99.32,Default,Default,https://ebmx.com.au/wp-content/uploads/2025/05/ezgif.com-webp-to-png-converter-14.png,pcat_01KWD5AYRAMZQ749EY2Z9DVQJQ
,104-xlb-60-core-motor-black-motors-in-stock-now,XLB-60-Core Motor (Black Motors In Stock Now),,This Motor is only compatible with the EBMX X-9000 Controller. This is not compatible with the OEM Controller or any oth,published,https://ebmx.com.au/wp-content/uploads/2025/05/E-PU-AA36-BK-X-EBMX-XLB-60-CORE-Motor-Black.jpg,,, ,,,,,,,,,,,TRUE,,,Default,,,FALSE,TRUE,,,,,,,,,1875,Default,Default,https://ebmx.com.au/wp-content/uploads/2025/05/E-PU-AA36-BK-X-EBMX-XLB-60-CORE-Motor-Black.jpg,pcat_01KWD5BRXDKCH35B8B41A2FDGJ
,105-oem-surron-lbx-brake-levers,OEM SurRon LBX Brake Levers,,,published,https://ebmx.com.au/wp-content/uploads/2025/05/SurRon-LBX-Lever.png,,, ,,,,,,,,,,,TRUE,,,Default,,,FALSE,TRUE,,,,,,,,,30,Default,Default,https://ebmx.com.au/wp-content/uploads/2025/05/SurRon-LBX-Lever.png,pcat_01KWD5AYRAMZQ749EY2Z9DVQJQ
,106-edb-competition-axle-axle-blocks-for-surron-ultra-bee,EDB Competition Axle & Axle Blocks for SurRon Ultra Bee,,,published,https://ebmx.com.au/wp-content/uploads/2025/03/E-MU-AC-37-BK-X-EBMX-Competition-Axle-Axle-Blocks-for-SurRon-Ultra-Bee-.png,,, ,,,,,,,,,,,TRUE,,,Default,,,FALSE,TRUE,,,,,,,,,313.64,Default,Default,https://ebmx.com.au/wp-content/uploads/2025/03/E-MU-AC-37-BK-X-EBMX-Competition-Axle-Axle-Blocks-for-SurRon-Ultra-Bee-.png,pcat_01KWD5BC1WZK9WCE9GNXRMHG97
,107-x-9000-version-3-e-ride-pro-sr-harness-and-mounting-kit-excludes,X-9000 Version 3 E-Ride Pro SR Harness and Mounting Kit (excludes controller),,,published,https://ebmx.com.au/wp-content/uploads/2025/03/E-Ride-SR-X-9000-Harness.jpg,,, ,,,,,,,,,,,TRUE,,,Default,,,FALSE,TRUE,,,,,,,,,,Default,Default,https://ebmx.com.au/wp-content/uploads/2025/03/E-Ride-SR-X-9000-Harness.jpg,pcat_01KWD5BH4CM3P12F11N4EPX6ZM
,108-x-9000-e-ride-pro-3-0-harness-and-mounting-kit-excludes-controll,X-9000 E-Ride Pro 3.0 Harness and Mounting Kit (excludes controller),,,published,https://ebmx.com.au/wp-content/uploads/2025/03/E-PU-AA57-XX-SR-X-9000_V3-eRide-Pro-Harness-and-Mounting-Kit.png,,, ,,,,,,,,,,,TRUE,,,Default,,,FALSE,TRUE,,,,,,,,,,Default,Default,https://ebmx.com.au/wp-content/uploads/2025/03/E-PU-AA57-XX-SR-X-9000_V3-eRide-Pro-Harness-and-Mounting-Kit.png,pcat_01KWD5BH4CM3P12F11N4EPX6ZM
,109-e-ride-pro-mini-r-72v,E-Ride Pro Mini R (72v),,VIP Motor Courier Service Available – Please Contact Us for More Information,published,https://ebmx.com.au/wp-content/uploads/2025/06/1-scaled.jpg,,, ,,,,,,,,,,,TRUE,,,Default,,,FALSE,TRUE,,,,,,,,,4718.18,Default,Default,https://ebmx.com.au/wp-content/uploads/2025/06/1-scaled.jpg,pcat_01KWD5BH4CM3P12F11N4EPX6ZM
,110-rfloxa-hawk31-black-max-front-fork-60lbs-203mm-travel,RFLOXA Hawk31 Black Max Front Fork 60lbs 203mm Travel,,,published,https://ebmx.com.au/wp-content/uploads/2025/02/ezgif.com-webp-to-png-converter-17.png,,, ,,,,,,,,,,,TRUE,,,Default,,,FALSE,TRUE,,,,,,,,,1440.91,Default,Default,https://ebmx.com.au/wp-content/uploads/2025/02/ezgif.com-webp-to-png-converter-17.png,pcat_01KWD5A25D7B28TNR3XW737N9G
,111-surron-hyperbee-72v-model-in-stock-now,SurRon Hyperbee 72v Model (In Stock Now),,VIP Motor Courier Service Available – Please Contact Us for More Information,published,https://ebmx.com.au/wp-content/uploads/2025/02/14da7bb1-7374-4230-b10c-63956645ff52.png,,, ,,,,,,,,,,,TRUE,,,Default,,,FALSE,TRUE,,,,,,,,,4081.82,Default,Default,https://ebmx.com.au/wp-content/uploads/2025/02/14da7bb1-7374-4230-b10c-63956645ff52.png,pcat_01KWD5AAM06XPYTY499EY7C57F
,112-edb-competition-brake-pads-for-ultra-bee,EDB Competition Brake Pads for Ultra Bee,,"Please be aware, if you are replacing both the front and rear brake pads, you will need to buy two sets. If you are only",published,https://ebmx.com.au/wp-content/uploads/2025/01/E-MU-AC19-XX-X-EBMX-Competition-Brake-Pads-for-Ultra-Bee.jpg,,, ,,,,,,,,,,,TRUE,,,Default,,,FALSE,TRUE,,,,,,,,,81.82,Default,Default,https://ebmx.com.au/wp-content/uploads/2025/01/E-MU-AC19-XX-X-EBMX-Competition-Brake-Pads-for-Ultra-Bee.jpg,pcat_01KWD5AEF4A1AN27YXAWMYCMBK
,113-e-ride-pro-sr-off-road-available-now,E-Ride Pro SR Off-Road (Available Now),,VIP Motor Courier Service Available – Please Contact Us for More Information,published,https://ebmx.com.au/wp-content/uploads/2025/01/WhatsApp-Image-2025-04-11-at-15.26.45_effdc06b.jpg,,, ,,,,,,,,,,,TRUE,,,Default,,,FALSE,TRUE,,,,,,,,,8726.36,Default,Default,https://ebmx.com.au/wp-content/uploads/2025/01/WhatsApp-Image-2025-04-11-at-15.26.45_effdc06b.jpg,pcat_01KWD5BH4CM3P12F11N4EPX6ZM
,114-e-ride-pro-ss-3-0-off-road-available-now,E RIDE PRO SS 3.0 OFF ROAD (Available Now),,VIP Motor Courier Service Available – Please Contact Us for More Information,published,https://ebmx.com.au/wp-content/uploads/2025/01/ezgif.com-webp-to-png-converter-14.png,,, ,,,,,,,,,,,TRUE,,,Default,,,FALSE,TRUE,,,,,,,,,7544.55,Default,Default,https://ebmx.com.au/wp-content/uploads/2025/01/ezgif.com-webp-to-png-converter-14.png,pcat_01KWD5BH4CM3P12F11N4EPX6ZM
,115-engine-brake-paddle-lever-carbon-fibre,Engine Brake Paddle Lever (Carbon Fibre),,,published,https://ebmx.com.au/wp-content/uploads/2025/01/WhatsApp-Image-2025-01-20-at-10.47.23_b8bad4d6.jpg,,, ,,,,,,,,,,,TRUE,,,Default,,,FALSE,TRUE,,,,,,,,,117.27,Default,Default,https://ebmx.com.au/wp-content/uploads/2025/01/WhatsApp-Image-2025-01-20-at-10.47.23_b8bad4d6.jpg,pcat_01KWD5A25D7B28TNR3XW737N9G
,116-21-black-rim-black-hub-surron-lbx-front-wheel,21″ Black Rim / Black Hub SurRon LBX Front Wheel,,,published,https://ebmx.com.au/wp-content/uploads/2023/05/21-Front-Wheel.jpg,,, ,,,,,,,,,,,TRUE,,,Default,,,FALSE,TRUE,,,,,,,,,440,Default,Default,https://ebmx.com.au/wp-content/uploads/2023/05/21-Front-Wheel.jpg,pcat_01KWD5B7RQR3VM98DJ6JX3EYG9
,117-edb-xlb-60-race-motor-air-cooled-black-only-available-other-colo,EDB XLB-60 Race Motor (Air Cooled) (Black Only Available – Other Colours Contact Us),,This Motor is only compatible with the EBMX X-9000 Controller. This is not compatible with the OEM Controller or any oth,published,https://ebmx.com.au/wp-content/uploads/2025/01/EBMX-XLB-60-RACE-Motor-Air-Cooled-1.png,,, ,,,,,,,,,,,TRUE,,,Default,,,FALSE,TRUE,,,,,,,,,2185,Default,Default,https://ebmx.com.au/wp-content/uploads/2025/01/EBMX-XLB-60-RACE-Motor-Air-Cooled-1.png,pcat_01KWD5BRXDKCH35B8B41A2FDGJ
,118-lbx-upgrade-axle-pivot-shaft-titanium,LBX Upgrade Axle Pivot Shaft (Titanium),,,published,https://ebmx.com.au/wp-content/uploads/2024/12/ezgif.com-webp-to-png-converter-16.png,,, ,,,,,,,,,,,TRUE,,,Default,,,FALSE,TRUE,,,,,,,,,54,Default,Default,https://ebmx.com.au/wp-content/uploads/2024/12/ezgif.com-webp-to-png-converter-16.png,pcat_01KWD5A25D7B28TNR3XW737N9G
,119-light-bee-race-harness-v3-x-9000-compatible,Light Bee Race Harness (V3 X-9000 Compatible),,"Please Note: This is not compatible with the V2 X-9000 Controllers. If you are unsure what Controller you have, please c",published,https://ebmx.com.au/wp-content/uploads/2024/12/E-PU-AA51-XX-LB-X-9000_V3-SurRon-Light-Bee-Race-Harness.png,,, ,,,,,,,,,,,TRUE,,,Default,,,FALSE,TRUE,,,,,,,,,175,Default,Default,https://ebmx.com.au/wp-content/uploads/2024/12/E-PU-AA51-XX-LB-X-9000_V3-SurRon-Light-Bee-Race-Harness.png,pcat_01KWD5BRXDKCH35B8B41A2FDGJ
,120-ultra-bee-oem-motor-50-off,Ultra Bee OEM Motor (50% Off),,"Brand New Ultra Bee OEM Batteries, Motors and Controllers are Available, contact us if you want to bundle an OEM Battery",published,https://ebmx.com.au/wp-content/uploads/2024/11/ezgif.com-webp-to-png-converter-8.png,,, ,,,,,,,,,,,TRUE,,,Default,,,FALSE,TRUE,,,,,,,,,1135.86,Default,Default,https://ebmx.com.au/wp-content/uploads/2024/11/ezgif.com-webp-to-png-converter-8.png,pcat_01KWD5AYRAMZQ749EY2Z9DVQJQ
,121-oem-ultra-bee-battery-in-stock-now,OEM Ultra Bee Battery (In Stock Now),,"Brand New Ultra Bee OEM Batteries, Motors and Controllers are Available, contact us if you want to bundle an OEM Battery",published,https://ebmx.com.au/wp-content/uploads/2024/11/ezgif.com-webp-to-png-converter-7.png,,, ,,,,,,,,,,,TRUE,,,Default,,,FALSE,TRUE,,,,,,,,,3809.54,Default,Default,https://ebmx.com.au/wp-content/uploads/2024/11/ezgif.com-webp-to-png-converter-7.png,pcat_01KWD5B62V10PH3CKGCYQAJTMR
,122-warrior-kids-sx-e500-electric-bike-special-order-contact-us,WARRIOR KIDS SX-E500 Electric Bike (Special Order – Contact Us),,,published,https://ebmx.com.au/wp-content/uploads/2024/11/RFN-SXE500-RedBlue3.png,,, ,,,,,,,,,,,TRUE,,,Default,,,FALSE,TRUE,,,,,,,,,1726.36,Default,Default,https://ebmx.com.au/wp-content/uploads/2024/11/RFN-SXE500-RedBlue3.png,pcat_01KWD5AAM06XPYTY499EY7C57F
,123-rfn-evo-racing-20-electric-bike-special-order-contact-us,RFN EVO RACING 20″ ELECTRIC BIKE – (Special Order – Contact Us),,,published,https://ebmx.com.au/wp-content/uploads/2024/11/ezgif.com-webp-to-png-converter-5.png,,, ,,,,,,,,,,,TRUE,,,Default,,,FALSE,TRUE,,,,,,,,,2180.91,Default,Default,https://ebmx.com.au/wp-content/uploads/2024/11/ezgif.com-webp-to-png-converter-5.png,pcat_01KWD5AAM06XPYTY499EY7C57F
,124-ultra-bee-r-on-road-harness-brackets-for-the-version-2-x-9000-ca,Ultra Bee-R (On-Road) Harness & Brackets for the Version 2 X-9000 (Canbus Compatible),,Please only purchase this if you have a V2 Controller. This is not compatible with the new V3 Controllers.,published,https://ebmx.com.au/wp-content/uploads/2024/10/WhatsApp-Image-2024-10-30-at-16.01.17_c71e27d2.jpg,,, ,,,,,,,,,,,TRUE,,,Default,,,FALSE,TRUE,,,,,,,,,445,Default,Default,https://ebmx.com.au/wp-content/uploads/2024/10/WhatsApp-Image-2024-10-30-at-16.01.17_c71e27d2.jpg,pcat_01KWD5BEK4CNJN5RCG0RJRDEWT
,125-ultra-bee-oem-charger,Ultra Bee OEM Charger,,,published,https://ebmx.com.au/wp-content/uploads/2024/10/s-l1200.png,,, ,,,,,,,,,,,TRUE,,,Default,,,FALSE,TRUE,,,,,,,,,431.82,Default,Default,https://ebmx.com.au/wp-content/uploads/2024/10/s-l1200.png,pcat_01KWD5B62V10PH3CKGCYQAJTMR
,126-surron-lbx-oem-battery-loom,SurRon LBX OEM Battery Loom,,,published,https://ebmx.com.au/wp-content/uploads/2024/10/WhatsApp-Image-2024-10-22-at-09.56.36_be82a5e5.jpg,,, ,,,,,,,,,,,TRUE,,,Default,,,FALSE,TRUE,,,,,,,,,120,Default,Default,https://ebmx.com.au/wp-content/uploads/2024/10/WhatsApp-Image-2024-10-22-at-09.56.36_be82a5e5.jpg,pcat_01KWD5AYRAMZQ749EY2Z9DVQJQ
,127-talaria-xxx-74v-44ah-street-race-special-order-only,Talaria XXX 74v 44ah Street Race (Special Order Only),,,published,https://ebmx.com.au/wp-content/uploads/2024/10/X7444-1.jpg,,, ,,,,,,,,,,,TRUE,,,Default,,,FALSE,TRUE,,,,,,,,,2000,Default,Default,https://ebmx.com.au/wp-content/uploads/2024/10/X7444-1.jpg,pcat_01KWD5B62V10PH3CKGCYQAJTMR
,128-ride-longer-72v-63ah-lbx-battery-compatible-with-surron-light-be,Ride Longer 72v 63ah LBX Battery (Compatible with SurRon Light Bee),,,published,https://ebmx.com.au/wp-content/uploads/2024/12/WhatsApp-Image-2024-12-04-at-10.16.15_48bf5546.jpg,,, ,,,,,,,,,,,TRUE,,,Default,,,FALSE,TRUE,,,,,,,,,3000,Default,Default,https://ebmx.com.au/wp-content/uploads/2024/12/WhatsApp-Image-2024-12-04-at-10.16.15_48bf5546.jpg,pcat_01KWD5B62V10PH3CKGCYQAJTMR
,129-lbx-headset-frame-brace,LBX Headset Frame Brace,,,published,https://ebmx.com.au/wp-content/uploads/2024/09/Headset-Stiffener.jpg,,, ,,,,,,,,,,,TRUE,,,Default,,,FALSE,TRUE,,,,,,,,,40,Default,Default,https://ebmx.com.au/wp-content/uploads/2024/09/Headset-Stiffener.jpg,pcat_01KWD5A25D7B28TNR3XW737N9G
,130-bc351-display-protective-cnc-casing-choose-colour,BC351 Display Protective CNC Casing (Choose Colour),,,published,https://ebmx.com.au/wp-content/uploads/2024/09/E-PU-AA33-BK-X-EBMX-Case-for-BC351-Display.png,,, ,,,,,,,,,,,TRUE,,,Default,,,FALSE,TRUE,,,,,,,,,118,Default,Default,https://ebmx.com.au/wp-content/uploads/2024/09/E-PU-AA33-BK-X-EBMX-Case-for-BC351-Display.png,pcat_01KWD5BRXDKCH35B8B41A2FDGJ
,131-bc351-display-ultra-bee-drop-in-mount,BC351 Display Ultra Bee Drop-in Mount,,,published,https://ebmx.com.au/wp-content/uploads/2024/09/EBMX-Display-Ultra-Bee-Drop-in-Mount-excludes-display.png,,, ,,,,,,,,,,,TRUE,,,Default,,,FALSE,TRUE,,,,,,,,,,Default,Default,https://ebmx.com.au/wp-content/uploads/2024/09/EBMX-Display-Ultra-Bee-Drop-in-Mount-excludes-display.png,pcat_01KWD5BC1WZK9WCE9GNXRMHG97
,132-bc351-display-for-edb-controller,BC351 Display for EDB Controller,,Note: This is not compatible with the regular V3 Ultra Bee Harness. For Ultra Bee Functionality you will need a V3 Ultra,published,https://ebmx.com.au/wp-content/uploads/2024/09/display-01.jpg,,, ,,,,,,,,,,,TRUE,,,Default,,,FALSE,TRUE,,,,,,,,,340.91,Default,Default,https://ebmx.com.au/wp-content/uploads/2024/09/display-01.jpg,pcat_01KWD5BC1WZK9WCE9GNXRMHG97
,133-edb-competition-jackshaft-for-ultra-bee-backorder-eta-late-june-,EDB Competition Jackshaft for Ultra Bee (Backorder – ETA Late June 2026),,,published,https://ebmx.com.au/wp-content/uploads/2024/09/E-MU-AC17-BK-X-EBMX-Competition-Jackshaft-for-Ultra-Bee.png,,, ,,,,,,,,,,,TRUE,,,Default,,,FALSE,TRUE,,,,,,,,,,Default,Default,https://ebmx.com.au/wp-content/uploads/2024/09/E-MU-AC17-BK-X-EBMX-Competition-Jackshaft-for-Ultra-Bee.png,pcat_01KWD5BC1WZK9WCE9GNXRMHG97
,134-edb-competition-chain-guide-for-ultra-bee,EDB Competition Chain Guide for Ultra Bee,,,published,https://ebmx.com.au/wp-content/uploads/2024/09/EBMX-Competition-Chain-Guide-for-Ultra-Bee.jpg,,, ,,,,,,,,,,,TRUE,,,Default,,,FALSE,TRUE,,,,,,,,,,Default,Default,https://ebmx.com.au/wp-content/uploads/2024/09/EBMX-Competition-Chain-Guide-for-Ultra-Bee.jpg,pcat_01KWD5BC1WZK9WCE9GNXRMHG97
,135-evo-jackshaft-for-surron-lbx,EVO Jackshaft for SurRon LBX,,EBMX Australia is having a special batch made in Black and Silver with the MPE Logo. Purchase with a Upgraded Titanium P,published,https://ebmx.com.au/wp-content/uploads/2024/09/WhatsApp-Image-2025-10-02-at-12.08.30_41d3dc34.jpg,,, ,,,,,,,,,,,TRUE,,,Default,,,FALSE,TRUE,,,,,,,,,165.75,Default,Default,https://ebmx.com.au/wp-content/uploads/2024/09/WhatsApp-Image-2025-10-02-at-12.08.30_41d3dc34.jpg,pcat_01KWD5A25D7B28TNR3XW737N9G
,136-x-9000-version-3-talaria-xxx-harness-and-brackets-excludes-contr,X-9000 Version 3 Talaria XXX Harness and Brackets (excludes controller) – (Limited Stock Available Now),,,published,https://ebmx.com.au/wp-content/uploads/2024/09/E-PU-AA54-XX-X-X-9000_V3-Talaria-XXX-Harness-Brackets-and-Bashguard.png,,, ,,,,,,,,,,,TRUE,,,Default,,,FALSE,TRUE,,,,,,,,,,Default,Default,https://ebmx.com.au/wp-content/uploads/2024/09/E-PU-AA54-XX-X-X-9000_V3-Talaria-XXX-Harness-Brackets-and-Bashguard.png,pcat_01KWD5BVFXMSGGSM3SX8XAN7CV
,137-edb-upgraded-oem-linkage-for-surron-ultra-bee,EDB Upgraded OEM Linkage for SurRon Ultra Bee,,,published,https://ebmx.com.au/wp-content/uploads/2024/09/UB_RiserLinkage_V1-EBMX-Upgraded-OEM-Linkage-for-SurRon-Ultra-Bee.jpg,,, ,,,,,,,,,,,TRUE,,,Default,,,FALSE,TRUE,,,,,,,,,,Default,Default,https://ebmx.com.au/wp-content/uploads/2024/09/UB_RiserLinkage_V1-EBMX-Upgraded-OEM-Linkage-for-SurRon-Ultra-Bee.jpg,pcat_01KWD5BC1WZK9WCE9GNXRMHG97
,138-x-9000-ultra-bee-r-canbus-harness,X-9000 Ultra Bee R Canbus Harness,,,published,https://ebmx.com.au/wp-content/uploads/2024/08/Canbus-Harness.jpg,,, ,,,,,,,,,,,TRUE,,,Default,,,FALSE,TRUE,,,,,,,,,,Default,Default,https://ebmx.com.au/wp-content/uploads/2024/08/Canbus-Harness.jpg,pcat_01KWD5BC1WZK9WCE9GNXRMHG97
,139-ultra-bee-21-complete-wheel,Ultra Bee 21″ Complete Wheel,,,published,https://ebmx.com.au/wp-content/uploads/2024/07/Ultra-Bee-Complete-Wheels.jpeg,,, ,,,,,,,,,,,TRUE,,,Default,,,FALSE,TRUE,,,,,,,,,905,Default,Default,https://ebmx.com.au/wp-content/uploads/2024/07/Ultra-Bee-Complete-Wheels.jpeg,pcat_01KWD5AEF4A1AN27YXAWMYCMBK
,140-ultra-bee-21-front-wheel-no-tyre,Ultra Bee 21″ Front Wheel (No Tyre),,,published,https://ebmx.com.au/wp-content/uploads/2025/09/WhatsApp-Image-2025-09-03-at-15.41.42_82b2d7f5.jpg,,, ,,,,,,,,,,,TRUE,,,Default,,,FALSE,TRUE,,,,,,,,,300,Default,Default,https://ebmx.com.au/wp-content/uploads/2025/09/WhatsApp-Image-2025-09-03-at-15.41.42_82b2d7f5.jpg,pcat_01KWD5AW6EXF7ZCS8FHJ9B9K3Q
,141-surron-lbx-airswitch,SurRon LBX Airswitch,,,published,https://ebmx.com.au/wp-content/uploads/2024/07/s-l1200.jpg,,, ,,,,,,,,,,,TRUE,,,Default,,,FALSE,TRUE,,,,,,,,,31.82,Default,Default,https://ebmx.com.au/wp-content/uploads/2024/07/s-l1200.jpg,pcat_01KWD5AYRAMZQ749EY2Z9DVQJQ
,142-x-9000-version-3-eride-pro-2-0-harness-and-mounting-kit-excludes,X-9000 Version 3 eRide Pro 2.0 Harness and Mounting Kit (excludes controller) – Special Order (Contact Us),,,published,https://ebmx.com.au/wp-content/uploads/2024/06/X-9000-eRide-Pro-Harness-and-Mounting-Kit-excludes-controller.jpg,,, ,,,,,,,,,,,TRUE,,,Default,,,FALSE,TRUE,,,,,,,,,,Default,Default,https://ebmx.com.au/wp-content/uploads/2024/06/X-9000-eRide-Pro-Harness-and-Mounting-Kit-excludes-controller.jpg,pcat_01KWD5BH4CM3P12F11N4EPX6ZM
,143-edb-upgraded-oem-triangle-for-surron-ultra-bee,EDB Upgraded OEM Triangle for SurRon Ultra Bee,,,published,https://ebmx.com.au/wp-content/uploads/2024/05/UB_Triangle_V1-EBMX-Upgraded-OEM-Triangle-for-SurRon-Ultra-Bee.jpg,,, ,,,,,,,,,,,TRUE,,,Default,,,FALSE,TRUE,,,,,,,,,,Default,Default,https://ebmx.com.au/wp-content/uploads/2024/05/UB_Triangle_V1-EBMX-Upgraded-OEM-Triangle-for-SurRon-Ultra-Bee.jpg,pcat_01KWD5BC1WZK9WCE9GNXRMHG97
,144-72v-42ah-v5-talaria-high-powered-race-battery-compatible-with-ta,72v 42ah V5 Talaria High Powered Race Battery (Compatible with Talaria Sting Only),,,published,https://ebmx.com.au/wp-content/uploads/2024/04/WhatsApp-Image-2024-04-09-at-1.34.55-PM.jpeg,,, ,,,,,,,,,,,TRUE,,,Default,,,FALSE,TRUE,,,,,,,,,2000,Default,Default,https://ebmx.com.au/wp-content/uploads/2024/04/WhatsApp-Image-2024-04-09-at-1.34.55-PM.jpeg,pcat_01KWD5B62V10PH3CKGCYQAJTMR
,145-mpe-logo-t-shirt,MPE Logo T-Shirt,,,published,https://ebmx.com.au/wp-content/uploads/2024/03/WhatsApp-Image-2024-03-13-at-5.36.09-PM.jpeg,,, ,,,,,,,,,,,TRUE,,,Default,,,FALSE,TRUE,,,,,,,,,44.55,Default,Default,https://ebmx.com.au/wp-content/uploads/2024/03/WhatsApp-Image-2024-03-13-at-5.36.09-PM.jpeg,pcat_01KWD5C1GDAXZ0SEZM3JFS7WCM
,146-surron-light-bee-replacement-lock-set,SurRon Light Bee Replacement Lock Set,,,published,https://ebmx.com.au/wp-content/uploads/2024/03/lock-set-600x600-1.jpg,,, ,,,,,,,,,,,TRUE,,,Default,,,FALSE,TRUE,,,,,,,,,108.18,Default,Default,https://ebmx.com.au/wp-content/uploads/2024/03/lock-set-600x600-1.jpg,pcat_01KWD5AYRAMZQ749EY2Z9DVQJQ
,147-lbx-frame-bearing-swing-arm-replacement-kit,LBX Frame Bearing & Swing Arm Replacement Kit,,,published,https://ebmx.com.au/wp-content/uploads/2024/02/ce8d61d4-1569-4641-9f5f-ebee9f61e535.jpg,,, ,,,,,,,,,,,TRUE,,,Default,,,FALSE,TRUE,,,,,,,,,90.91,Default,Default,https://ebmx.com.au/wp-content/uploads/2024/02/ce8d61d4-1569-4641-9f5f-ebee9f61e535.jpg,pcat_01KWD5AYRAMZQ749EY2Z9DVQJQ
,148-dirtybike-420-gold-series-primary-belt-to-chain-conversion-kit-s,DirtyBike 420 Gold Series Primary Belt to Chain Conversion Kit Sealed X-Ring Surron Ultra Bee (In Stock Now),,,published,https://ebmx.com.au/wp-content/uploads/2024/02/420-Chain-Conversion.png,,, ,,,,,,,,,,,TRUE,,,Default,,,FALSE,TRUE,,,,,,,,,272.73,Default,Default,https://ebmx.com.au/wp-content/uploads/2024/02/420-Chain-Conversion.png,pcat_01KWD5AEF4A1AN27YXAWMYCMBK
,149-ultra-bee-essential-upgrade-kit,Ultra Bee Essential Upgrade Kit,,,published,https://ebmx.com.au/wp-content/uploads/2024/02/WhatsApp-Image-2024-02-09-at-11.55.57-AM.jpeg,,, ,,,,,,,,,,,TRUE,,,Default,,,FALSE,TRUE,,,,,,,,,580,Default,Default,https://ebmx.com.au/wp-content/uploads/2024/02/WhatsApp-Image-2024-02-09-at-11.55.57-AM.jpeg,pcat_01KWD5AEF4A1AN27YXAWMYCMBK
,150-270mm-oversized-front-brake-rotor-and-bracket-ultra-bee,270mm Oversized Front Brake Rotor and Bracket (Ultra Bee),,,published,https://ebmx.com.au/wp-content/uploads/2024/02/WhatsApp-Image-2024-02-09-at-11.10.16-AM.jpeg,,, ,,,,,,,,,,,TRUE,,,Default,,,FALSE,TRUE,,,,,,,,,163.64,Default,Default,https://ebmx.com.au/wp-content/uploads/2024/02/WhatsApp-Image-2024-02-09-at-11.10.16-AM.jpeg,pcat_01KWD5AEF4A1AN27YXAWMYCMBK
,151-qs8-harness-upgrade-for-lbx-battery-upgrade,QS8 Harness Upgrade for LBX Battery Upgrade,,,published,https://ebmx.com.au/wp-content/uploads/2024/01/WhatsApp-Image-2024-01-25-at-3.21.25-PM.jpeg,,, ,,,,,,,,,,,TRUE,,,Default,,,FALSE,TRUE,,,,,,,,,150,Default,Default,https://ebmx.com.au/wp-content/uploads/2024/01/WhatsApp-Image-2024-01-25-at-3.21.25-PM.jpeg,pcat_01KWD5B62V10PH3CKGCYQAJTMR
,152-x-9000-shroud-for-ultra-bee-compatible-with-v3-x-9000-only,X-9000 Shroud for Ultra Bee (Compatible with V3 X-9000 Only),,,published,https://ebmx.com.au/wp-content/uploads/2024/01/V3-Mounts.png,,, ,,,,,,,,,,,TRUE,,,Default,,,FALSE,TRUE,,,,,,,,,,Default,Default,https://ebmx.com.au/wp-content/uploads/2024/01/V3-Mounts.png,pcat_01KWD5BEK4CNJN5RCG0RJRDEWT
,153-surron-l1e-wiring-harness-oem,SurRon L1E Wiring Harness OEM,,,published,https://ebmx.com.au/wp-content/uploads/2023/12/L1E-Harness.png,,, ,,,,,,,,,,,TRUE,,,Default,,,FALSE,TRUE,,,,,,,,,200,Default,Default,https://ebmx.com.au/wp-content/uploads/2023/12/L1E-Harness.png,pcat_01KWD5AYRAMZQ749EY2Z9DVQJQ
,154-surron-lbx-wiring-harness-oem,SurRon LBX Wiring Harness OEM,,,published,https://ebmx.com.au/wp-content/uploads/2023/12/LBX-Harness.png,,, ,,,,,,,,,,,TRUE,,,Default,,,FALSE,TRUE,,,,,,,,,150,Default,Default,https://ebmx.com.au/wp-content/uploads/2023/12/LBX-Harness.png,pcat_01KWD5AYRAMZQ749EY2Z9DVQJQ
,155-surron-lbx-front-fender,SurRon LBX Front Fender,,,published,https://ebmx.com.au/wp-content/uploads/2023/12/Front-Fender.png,,, ,,,,,,,,,,,TRUE,,,Default,,,FALSE,TRUE,,,,,,,,,60,Default,Default,https://ebmx.com.au/wp-content/uploads/2023/12/Front-Fender.png,pcat_01KWD5AYRAMZQ749EY2Z9DVQJQ
,156-rk-sealed-o-ring-219-primary-drive-replacement-chains-surron-lbx,RK Sealed O-Ring 219 Primary Drive Replacement Chains Surron LBX,,,published,https://ebmx.com.au/wp-content/uploads/2023/12/Orange-RK-Chain.png,,, ,,,,,,,,,,,TRUE,,,Default,,,FALSE,TRUE,,,,,,,,,150,Default,Default,https://ebmx.com.au/wp-content/uploads/2023/12/Orange-RK-Chain.png,pcat_01KWD5A25D7B28TNR3XW737N9G
,157-more-poweeer-electric-52v-17-5ah-jumbo-shark-battery-with-50a-bm,More Poweeer Electric 52V 17.5Ah Jumbo Shark Battery with 50A BMS Capable of up to 4kW of Power,,,published,https://ebmx.com.au/wp-content/uploads/2023/04/Shark-Battery-1-1.png,,, ,,,,,,,,,,,TRUE,,,Default,,,FALSE,TRUE,,,,,,,,,681.82,Default,Default,https://ebmx.com.au/wp-content/uploads/2023/04/Shark-Battery-1-1.png,pcat_01KWD5B62V10PH3CKGCYQAJTMR
,158-x-9000-qs-harness,X-9000 QS Harness,,,published,https://ebmx.com.au/wp-content/uploads/2023/09/QS-Motor-Harness.jpeg,,, ,,,,,,,,,,,TRUE,,,Default,,,FALSE,TRUE,,,,,,,,,,Default,Default,https://ebmx.com.au/wp-content/uploads/2023/09/QS-Motor-Harness.jpeg,pcat_01KWD5BPB0J1RW0Z3Y9HR3W5PD
,159-ultra-bee-high-low-beam-switch,Ultra Bee High/Low Beam Switch,,,published,https://ebmx.com.au/wp-content/uploads/2023/09/Ultra-Bee-High-Low-Beam-Switch.jpg,,, ,,,,,,,,,,,TRUE,,,Default,,,FALSE,TRUE,,,,,,,,,100,Default,Default,https://ebmx.com.au/wp-content/uploads/2023/09/Ultra-Bee-High-Low-Beam-Switch.jpg,pcat_01KWD5AEF4A1AN27YXAWMYCMBK
,160-ultra-bee-upgraded-foot-pegs,Ultra Bee Upgraded Foot Pegs,,,published,https://ebmx.com.au/wp-content/uploads/2023/09/Ultra-Bee-Foot-Pegs.jpg,,, ,,,,,,,,,,,TRUE,,,Default,,,FALSE,TRUE,,,,,,,,,100,Default,Default,https://ebmx.com.au/wp-content/uploads/2023/09/Ultra-Bee-Foot-Pegs.jpg,pcat_01KWD5AEF4A1AN27YXAWMYCMBK
,161-surron-light-bee-axle-spacer-kit,SurRon Light Bee Axle Spacer Kit,,,published,https://ebmx.com.au/wp-content/uploads/2023/09/WhatsApp-Image-2025-06-17-at-10.30.48_88b4e12f.jpg,,, ,,,,,,,,,,,TRUE,,,Default,,,FALSE,TRUE,,,,,,,,,79,Default,Default,https://ebmx.com.au/wp-content/uploads/2023/09/WhatsApp-Image-2025-06-17-at-10.30.48_88b4e12f.jpg,pcat_01KWD5B7RQR3VM98DJ6JX3EYG9
,162-lbx-full-brake-assembly-choose-left-rear-or-right-front,LBX Full Brake Assembly (Choose Left Rear or Right Front),,,published,https://ebmx.com.au/wp-content/uploads/2023/09/SurRon-Brake-Assembly.png,,, ,,,,,,,,,,,TRUE,,,Default,,,FALSE,TRUE,,,,,,,,,227.27,Default,Default,https://ebmx.com.au/wp-content/uploads/2023/09/SurRon-Brake-Assembly.png,pcat_01KWD5AYRAMZQ749EY2Z9DVQJQ
,163-battery-decals,Battery Decals,,,published,https://ebmx.com.au/wp-content/uploads/2023/09/SurRon-72v-57ah-Decal.jpg,,, ,,,,,,,,,,,TRUE,,,Default,,,FALSE,TRUE,,,,,,,,,21.82,Default,Default,https://ebmx.com.au/wp-content/uploads/2023/09/SurRon-72v-57ah-Decal.jpg,pcat_01KWD5A25D7B28TNR3XW737N9G
,164-ultra-bee-upgraded-rear-shock-springs,Ultra Bee Upgraded Rear Shock Springs,,,published,https://ebmx.com.au/wp-content/uploads/2023/09/Ultra-Bee-Spring-Upgrade.jpg,,, ,,,,,,,,,,,TRUE,,,Default,,,FALSE,TRUE,,,,,,,,,137.5,Default,Default,https://ebmx.com.au/wp-content/uploads/2023/09/Ultra-Bee-Spring-Upgrade.jpg,pcat_01KWD5BC1WZK9WCE9GNXRMHG97
,165-mpe-surron-lbx-60v-65ah-battery,MPE SurRon LBX 60v 65ah Battery,,,published,https://ebmx.com.au/wp-content/uploads/2023/09/60v-65ah.jpeg,,, ,,,,,,,,,,,TRUE,,,Default,,,FALSE,TRUE,,,,,,,,,2475,Default,Default,https://ebmx.com.au/wp-content/uploads/2023/09/60v-65ah.jpeg,pcat_01KWD5BRXDKCH35B8B41A2FDGJ
,166-ultra-bee-upgraded-kickstand,Ultra Bee Upgraded Kickstand,,,published,https://ebmx.com.au/wp-content/uploads/2023/08/WhatsApp-Image-2024-02-09-at-11.10.16-AM-1.jpeg,,, ,,,,,,,,,,,TRUE,,,Default,,,FALSE,TRUE,,,,,,,,,135,Default,Default,https://ebmx.com.au/wp-content/uploads/2023/08/WhatsApp-Image-2024-02-09-at-11.10.16-AM-1.jpeg,pcat_01KWD5AEF4A1AN27YXAWMYCMBK
,167-gates-belt-for-ultra-bee,Gates Belt for Ultra Bee,,,published,https://ebmx.com.au/wp-content/uploads/2023/08/Ultra-Bee-OEM-Replacement-Belt.png,,, ,,,,,,,,,,,TRUE,,,Default,,,FALSE,TRUE,,,,,,,,,5,Default,Default,https://ebmx.com.au/wp-content/uploads/2023/08/Ultra-Bee-OEM-Replacement-Belt.png,pcat_01KWD5AYRAMZQ749EY2Z9DVQJQ
,168-ultra-bee-oem-rear-shock-linkage,Ultra Bee OEM Rear Shock Linkage,,,published,https://ebmx.com.au/wp-content/uploads/2023/08/Ultra-Bee-OEM-Rear-Shock-Linkage.png,,, ,,,,,,,,,,,TRUE,,,Default,,,FALSE,TRUE,,,,,,,,,55,Default,Default,https://ebmx.com.au/wp-content/uploads/2023/08/Ultra-Bee-OEM-Rear-Shock-Linkage.png,pcat_01KWD5AYRAMZQ749EY2Z9DVQJQ
,169-ultra-bee-oem-rear-suspension-triangle,Ultra Bee OEM Rear Suspension Triangle,,,published,https://ebmx.com.au/wp-content/uploads/2023/08/Ultra-Bee-Rear-Suspension-Triangle.png,,, ,,,,,,,,,,,TRUE,,,Default,,,FALSE,TRUE,,,,,,,,,50,Default,Default,https://ebmx.com.au/wp-content/uploads/2023/08/Ultra-Bee-Rear-Suspension-Triangle.png,pcat_01KWD5AYRAMZQ749EY2Z9DVQJQ
,170-ultra-bee-oem-footpegs,Ultra Bee OEM Footpegs,,,published,https://ebmx.com.au/wp-content/uploads/2023/08/Ultra-Bee-OEM-Foot-Pegs-scaled.jpg,,, ,,,,,,,,,,,TRUE,,,Default,,,FALSE,TRUE,,,,,,,,,26,Default,Default,https://ebmx.com.au/wp-content/uploads/2023/08/Ultra-Bee-OEM-Foot-Pegs-scaled.jpg,pcat_01KWD5AYRAMZQ749EY2Z9DVQJQ
,171-ultra-bee-replacement-brake-pads,Ultra Bee Replacement Brake Pads,,"Please be aware, if you are replacing both the front and rear brake pads, you will need to buy two sets. If you are only",published,https://ebmx.com.au/wp-content/uploads/2023/08/Ultra-Bee-Upgraded-Brake-Pads.jpg,,, ,,,,,,,,,,,TRUE,,,Default,,,FALSE,TRUE,,,,,,,,,35,Default,Default,https://ebmx.com.au/wp-content/uploads/2023/08/Ultra-Bee-Upgraded-Brake-Pads.jpg,pcat_01KWD5AEF4A1AN27YXAWMYCMBK
,172-ultra-bee-oem-front-turn-signals,Ultra Bee OEM Front Turn Signals,,,published,https://ebmx.com.au/wp-content/uploads/2023/08/Ultra-Bee-OEM-Front-Turn-Signals.png,,, ,,,,,,,,,,,TRUE,,,Default,,,FALSE,TRUE,,,,,,,,,40,Default,Default,https://ebmx.com.au/wp-content/uploads/2023/08/Ultra-Bee-OEM-Front-Turn-Signals.png,pcat_01KWD5AYRAMZQ749EY2Z9DVQJQ
,173-ultra-bee-oem-on-off-switch,Ultra Bee OEM ON/OFF Switch,,,published,https://ebmx.com.au/wp-content/uploads/2023/08/Ultra-Bee-OEM-ON-OFF-Switch.png,,, ,,,,,,,,,,,TRUE,,,Default,,,FALSE,TRUE,,,,,,,,,40,Default,Default,https://ebmx.com.au/wp-content/uploads/2023/08/Ultra-Bee-OEM-ON-OFF-Switch.png,pcat_01KWD5AYRAMZQ749EY2Z9DVQJQ
,174-ultra-bee-oem-kickstand,Ultra Bee OEM Kickstand,,,published,https://ebmx.com.au/wp-content/uploads/2023/08/Ultra-Bee-OEM-Kickstand.png,,, ,,,,,,,,,,,TRUE,,,Default,,,FALSE,TRUE,,,,,,,,,35,Default,Default,https://ebmx.com.au/wp-content/uploads/2023/08/Ultra-Bee-OEM-Kickstand.png,pcat_01KWD5AYRAMZQ749EY2Z9DVQJQ
,175-ultra-bee-oem-rear-lights-and-tail-tidy-special-order-contact-us,Ultra Bee OEM Rear Lights and Tail Tidy (Special Order – Contact Us),,,published,https://ebmx.com.au/wp-content/uploads/2023/08/Ultra-Bee-OEM-Rear-Lights-and-Tail-Tidy.png,,, ,,,,,,,,,,,TRUE,,,Default,,,FALSE,TRUE,,,,,,,,,115,Default,Default,https://ebmx.com.au/wp-content/uploads/2023/08/Ultra-Bee-OEM-Rear-Lights-and-Tail-Tidy.png,pcat_01KWD5AYRAMZQ749EY2Z9DVQJQ
,176-ultra-bee-oem-battery-cover,Ultra Bee OEM Battery Cover,,,published,https://ebmx.com.au/wp-content/uploads/2023/08/Ultra-Bee-OEM-Battery-Cover.png,,, ,,,,,,,,,,,TRUE,,,Default,,,FALSE,TRUE,,,,,,,,,100,Default,Default,https://ebmx.com.au/wp-content/uploads/2023/08/Ultra-Bee-OEM-Battery-Cover.png,pcat_01KWD5AYRAMZQ749EY2Z9DVQJQ
,177-ultra-bee-oem-controller-50-off,Ultra Bee OEM Controller (50% Off),,"Brand New Ultra Bee OEM Batteries, Motors and Controllers are Available, contact us if you want to bundle an OEM Battery",published,https://ebmx.com.au/wp-content/uploads/2023/08/Ultra-Bee-OEM-Controller.png,,, ,,,,,,,,,,,TRUE,,,Default,,,FALSE,TRUE,,,,,,,,,893.64,Default,Default,https://ebmx.com.au/wp-content/uploads/2023/08/Ultra-Bee-OEM-Controller.png,pcat_01KWD5AYRAMZQ749EY2Z9DVQJQ
,178-ultra-bee-oem-rear-shock-spring-450lb,Ultra Bee OEM Rear Shock Spring 450lb,,,published,https://ebmx.com.au/wp-content/uploads/2023/08/Ultra-Bee-Rear-Shock-Spring-450nm.png,,, ,,,,,,,,,,,TRUE,,,Default,,,FALSE,TRUE,,,,,,,,,90,Default,Default,https://ebmx.com.au/wp-content/uploads/2023/08/Ultra-Bee-Rear-Shock-Spring-450nm.png,pcat_01KWD5AYRAMZQ749EY2Z9DVQJQ
,179-edb-upgraded-race-triangle-and-linkage-compatible-only-yss-rear-,EDB Upgraded Race Triangle and Linkage (Compatible Only YSS Rear Shock),,,published,https://ebmx.com.au/wp-content/uploads/2023/08/WhatsApp-Image-2024-04-17-at-9.19.06-AM.jpeg,,, ,,,,,,,,,,,TRUE,,,Default,,,FALSE,TRUE,,,,,,,,,105,Default,Default,https://ebmx.com.au/wp-content/uploads/2023/08/WhatsApp-Image-2024-04-17-at-9.19.06-AM.jpeg,pcat_01KWD5BRXDKCH35B8B41A2FDGJ
,180-21-18-alloy-7000-series-wheel-set-for-surron-lbx-with-either-dun,21″/18″ Alloy 7000 Series Wheel Set for SurRon LBX (With either Dunlop or Michelin Starcross Tyres),,,published,https://ebmx.com.au/wp-content/uploads/2023/08/Wheels.jpg,,, ,,,,,,,,,,,TRUE,,,Default,,,FALSE,TRUE,,,,,,,,,,Default,Default,https://ebmx.com.au/wp-content/uploads/2023/08/Wheels.jpg,pcat_01KWD5AW6EXF7ZCS8FHJ9B9K3Q
,181-hd-motorcycle-tubes,HD Motorcycle Tubes,,,published,https://ebmx.com.au/wp-content/uploads/2023/08/0018072_irc-70100-19-heavy-duty-tube-tr4-straight-valve_320.png,,, ,,,,,,,,,,,TRUE,,,Default,,,FALSE,TRUE,,,,,,,,,50,Default,Default,https://ebmx.com.au/wp-content/uploads/2023/08/0018072_irc-70100-19-heavy-duty-tube-tr4-straight-valve_320.png,pcat_01KWD5AW6EXF7ZCS8FHJ9B9K3Q
,182-more-poweeer-electric-light-replacement-for-surron-light-bee-or-,More Poweeer Electric Light (Replacement for SurRon Light Bee or Talaria Sting),,,published,https://ebmx.com.au/wp-content/uploads/2023/08/MPE-Light.jpeg,,, ,,,,,,,,,,,TRUE,,,Default,,,FALSE,TRUE,,,,,,,,,70,Default,Default,https://ebmx.com.au/wp-content/uploads/2023/08/MPE-Light.jpeg,pcat_01KWD5A25D7B28TNR3XW737N9G
,183-ultra-bee-cargo-rack,Ultra Bee Cargo Rack,,,published,https://ebmx.com.au/wp-content/uploads/2023/08/Ultra-Bee-Cargo-Rack.jpg,,, ,,,,,,,,,,,TRUE,,,Default,,,FALSE,TRUE,,,,,,,,,,Default,Default,https://ebmx.com.au/wp-content/uploads/2023/08/Ultra-Bee-Cargo-Rack.jpg,pcat_01KWD5BC1WZK9WCE9GNXRMHG97
,184-ultra-bee-22s-81v-76ah-version-4-high-power-battery-kit,Ultra Bee 22S (81v 76ah) Version 4 High Power Battery Kit,,"These items are a Special Order product, they may not always be available in stock. Please contact us if interested.",published,https://ebmx.com.au/wp-content/uploads/2023/07/22S-Battery.jpg,,, ,,,,,,,,,,,TRUE,,,Default,,,FALSE,TRUE,,,,,,,,,,Default,Default,https://ebmx.com.au/wp-content/uploads/2023/07/22S-Battery.jpg,pcat_01KWD5B62V10PH3CKGCYQAJTMR
,185-edb-version-2-xub-80-surron-ultra-bee-motor-backorder-restock-da,EDB Version 2 XUB-80 SurRon Ultra Bee Motor (Backorder – Restock Date to Be Advised),,This Motor is only compatible with the EBMX X-9000 Controller. This is not compatible with the OEM Controller or any oth,published,https://ebmx.com.au/wp-content/uploads/2023/06/WhatsApp-Image-2024-09-10-at-13.28.39_46403d0f.jpg,,, ,,,,,,,,,,,TRUE,,,Default,,,FALSE,TRUE,,,,,,,,,2200,Default,Default,https://ebmx.com.au/wp-content/uploads/2023/06/WhatsApp-Image-2024-09-10-at-13.28.39_46403d0f.jpg,pcat_01KWD5BEK4CNJN5RCG0RJRDEWT
,186-super-moto-ultra-bee-wheels,Super Moto Ultra Bee Wheels,,"Contact us if you want these wheels completed with Tyres, Tubes and Rim Lock. We have a range of options from $350-500 p",published,https://ebmx.com.au/wp-content/uploads/2023/06/Ultra-Bee-Motard-Wheel-Set-Black-Hubs.jpg,,, ,,,,,,,,,,,TRUE,,,Default,,,FALSE,TRUE,,,,,,,,,795,Default,Default,https://ebmx.com.au/wp-content/uploads/2023/06/Ultra-Bee-Motard-Wheel-Set-Black-Hubs.jpg,pcat_01KWD5AEF4A1AN27YXAWMYCMBK
,187-edb-version-2-surron-light-bee-rear-rotor-guard,EDB Version 2 SurRon Light Bee Rear Rotor Guard,,,published,https://ebmx.com.au/wp-content/uploads/2022/11/V2-Brake-Rotor-Bracket-2.jpg,,, ,,,,,,,,,,,TRUE,,,Default,,,FALSE,TRUE,,,,,,,,,13.5,Default,Default,https://ebmx.com.au/wp-content/uploads/2022/11/V2-Brake-Rotor-Bracket-2.jpg,pcat_01KWD5B7RQR3VM98DJ6JX3EYG9
,188-16-surron-lbx-rear-wheel-15-flash-sale,16″ SurRon LBX Rear Wheel (15% Flash Sale),,"NB: If you have a Talaria, yes you can purchase these but you must also purchase the adaptor kit or they will not fit.",published,https://ebmx.com.au/wp-content/uploads/2023/05/WhatsApp-Image-2025-08-21-at-09.59.45_fd03a775.jpg,,, ,,,,,,,,,,,TRUE,,,Default,,,FALSE,TRUE,,,,,,,,,,Default,Default,https://ebmx.com.au/wp-content/uploads/2023/05/WhatsApp-Image-2025-08-21-at-09.59.45_fd03a775.jpg,pcat_01KWD5AW6EXF7ZCS8FHJ9B9K3Q
,189-21-18-surron-lbx-wheel-set,21″/18″ SurRon LBX Wheel Set,,"NB: If you have a Talaria, yes you can purchase these but you must also purchase the adaptor kit or they will not fit.",published,https://ebmx.com.au/wp-content/uploads/2022/11/Branded-Alloy-7000.jpg,,, ,,,,,,,,,,,TRUE,,,Default,,,FALSE,TRUE,,,,,,,,,550,Default,Default,https://ebmx.com.au/wp-content/uploads/2022/11/Branded-Alloy-7000.jpg,pcat_01KWD5AW6EXF7ZCS8FHJ9B9K3Q
,190-lbx-short-rear-fender,LBX Short Rear Fender,,,published,https://ebmx.com.au/wp-content/uploads/2023/05/for-surron-sur-ron-light-bee-x-mtb-mudgu_main-1_1800x1800.png,,, ,,,,,,,,,,,TRUE,,,Default,,,FALSE,TRUE,,,,,,,,,,Default,Default,https://ebmx.com.au/wp-content/uploads/2023/05/for-surron-sur-ron-light-bee-x-mtb-mudgu_main-1_1800x1800.png,pcat_01KWD5AYRAMZQ749EY2Z9DVQJQ
,191-asi-controller-harness-for-surron-light-bee-and-talaria-sting,ASI Controller Harness for SurRon Light Bee and Talaria Sting,,,published,https://ebmx.com.au/wp-content/uploads/2023/05/WhatsApp-Image-2023-12-14-at-12.59.27-PM.jpeg,,, ,,,,,,,,,,,TRUE,,,Default,,,FALSE,TRUE,,,,,,,,,50,Default,Default,https://ebmx.com.au/wp-content/uploads/2023/05/WhatsApp-Image-2023-12-14-at-12.59.27-PM.jpeg,pcat_01KWD5B7RQR3VM98DJ6JX3EYG9
,192-72v-42-ah-race-battery-lbx-v5-compatible-with-surron-light-bee-o,72V 42 Ah Race Battery LBX V5 (Compatible with SurRon Light Bee Only) – Includes Charger,,All batteries are provided with a medium size and longer clip and hinges. If you have a pre-2025 LBX you will need just ,published,https://ebmx.com.au/wp-content/uploads/2023/05/72v-42ah-Race-Battery.jpg,,, ,,,,,,,,,,,TRUE,,,Default,,,FALSE,TRUE,,,,,,,,,,Default,Default,https://ebmx.com.au/wp-content/uploads/2023/05/72v-42ah-Race-Battery.jpg,pcat_01KWD5B62V10PH3CKGCYQAJTMR
,193-upgraded-ultra-bee-black-sprocket,Upgraded Ultra Bee Black Sprocket,,,published,https://ebmx.com.au/wp-content/uploads/2023/05/Black-Ultra-Bee-Sprocket.jpg,,, ,,,,,,,,,,,TRUE,,,Default,,,FALSE,TRUE,,,,,,,,,100,Default,Default,https://ebmx.com.au/wp-content/uploads/2023/05/Black-Ultra-Bee-Sprocket.jpg,pcat_01KWD5AEF4A1AN27YXAWMYCMBK
,194-ultra-bee-harness-brackets-for-the-version-3-x-9000-controller,Ultra Bee Harness & Brackets for the Version 3 X-9000 Controller,,,published,https://ebmx.com.au/wp-content/uploads/2023/05/E-PU-AA56-XX-X-X-9000_V3-Ultra-Bee-Harness-and-Brackets.png,,, ,,,,,,,,,,,TRUE,,,Default,,,FALSE,TRUE,,,,,,,,,200,Default,Default,https://ebmx.com.au/wp-content/uploads/2023/05/E-PU-AA56-XX-X-X-9000_V3-Ultra-Bee-Harness-and-Brackets.png,pcat_01KWD5BRXDKCH35B8B41A2FDGJ
,195-shinko-241-dual-compound-tyre,Shinko 241 Dual Compound Tyre,,,published,https://ebmx.com.au/wp-content/uploads/2023/04/WhatsApp-Image-2024-10-30-at-16.10.05_2db80465.jpg,,, ,,,,,,,,,,,TRUE,,,Default,,,FALSE,TRUE,,,,,,,,,60,Default,Default,https://ebmx.com.au/wp-content/uploads/2023/04/WhatsApp-Image-2024-10-30-at-16.10.05_2db80465.jpg,pcat_01KWD5A25D7B28TNR3XW737N9G
,196-lbx-foot-peg-brackets,LBX Foot Peg Brackets,,,published,https://ebmx.com.au/wp-content/uploads/2023/04/Right-Foot-Peg-Bracket-1.png,,, ,,,,,,,,,,,TRUE,,,Default,,,FALSE,TRUE,,,,,,,,,60,Default,Default,https://ebmx.com.au/wp-content/uploads/2023/04/Right-Foot-Peg-Bracket-1.png,pcat_01KWD5AYRAMZQ749EY2Z9DVQJQ
,197-22s-81v-battery-charger,22S (81v) Battery Charger,,,published,https://ebmx.com.au/wp-content/uploads/2023/03/60v-10a-Surron-Charger.jpg,,, ,,,,,,,,,,,TRUE,,,Default,,,FALSE,TRUE,,,,,,,,,335,Default,Default,https://ebmx.com.au/wp-content/uploads/2023/03/60v-10a-Surron-Charger.jpg,pcat_01KWD5B62V10PH3CKGCYQAJTMR
,198-talaria-essential-kit-compatible-with-talaria-sting,Talaria Essential Kit (Compatible with Talaria Sting),,Note: This is not compatible with the Talaria XXX Model.,published,https://ebmx.com.au/wp-content/uploads/2023/04/Essentials-kit-Talaria-copy1-1-480x480-1.jpeg,,, ,,,,,,,,,,,TRUE,,,Default,,,FALSE,TRUE,,,,,,,,,485,Default,Default,https://ebmx.com.au/wp-content/uploads/2023/04/Essentials-kit-Talaria-copy1-1-480x480-1.jpeg,pcat_01KWD5B7RQR3VM98DJ6JX3EYG9
,199-talaria-upgraded-foot-pegs,Talaria Upgraded Foot Pegs,,,published,https://ebmx.com.au/wp-content/uploads/2023/04/Talaria-Foot-Pegs.png,,, ,,,,,,,,,,,TRUE,,,Default,,,FALSE,TRUE,,,,,,,,,80,Default,Default,https://ebmx.com.au/wp-content/uploads/2023/04/Talaria-Foot-Pegs.png,pcat_01KWD5C68NB3HGABYJZQGSEMP3
,200-420-motorcycle-chain,420 Motorcycle Chain,,,published,https://ebmx.com.au/wp-content/uploads/2022/11/Chain-1-min.jpg,,, ,,,,,,,,,,,TRUE,,,Default,,,FALSE,TRUE,,,,,,,,,32,Default,Default,https://ebmx.com.au/wp-content/uploads/2022/11/Chain-1-min.jpg,pcat_01KWD5A25D7B28TNR3XW737N9G
,201-boost-fork-brake-adaptors,Boost Fork Brake Adaptors,,,published,https://ebmx.com.au/wp-content/uploads/2023/03/Rotor-Hub-Spacer-for-Boost-Forks.png,,, ,,,,,,,,,,,TRUE,,,Default,,,FALSE,TRUE,,,,,,,,,,Default,Default,https://ebmx.com.au/wp-content/uploads/2023/03/Rotor-Hub-Spacer-for-Boost-Forks.png,pcat_01KWD5A25D7B28TNR3XW737N9G
,202-250mm-front-and-rear-brake-rotor-kit-for-surron-light-bee-and-ta,250mm Front and Rear Brake Rotor Kit for SurRon Light Bee and Talaria Sting,,,published,https://ebmx.com.au/wp-content/uploads/2023/03/Rotors.png,,, ,,,,,,,,,,,TRUE,,,Default,,,FALSE,TRUE,,,,,,,,,149,Default,Default,https://ebmx.com.au/wp-content/uploads/2023/03/Rotors.png,pcat_01KWD5BRXDKCH35B8B41A2FDGJ
,203-suspension-linkage-bearing-kit-for-surron-light-bee,Suspension Linkage Bearing Kit for SurRon Light Bee,,,published,https://ebmx.com.au/wp-content/uploads/2023/03/WhatsApp-Image-2023-12-14-at-1.11.49-PM.jpeg,,, ,,,,,,,,,,,TRUE,,,Default,,,FALSE,TRUE,,,,,,,,,,Default,Default,https://ebmx.com.au/wp-content/uploads/2023/03/WhatsApp-Image-2023-12-14-at-1.11.49-PM.jpeg,pcat_01KWD5AYRAMZQ749EY2Z9DVQJQ
,204-tapered-roller-bearing-headset-kit,Tapered Roller Bearing Headset Kit,,,published,https://ebmx.com.au/wp-content/uploads/2023/03/Tapered-Roller-Bearing-Headset-Kit-scaled.jpg,,, ,,,,,,,,,,,TRUE,,,Default,,,FALSE,TRUE,,,,,,,,,90,Default,Default,https://ebmx.com.au/wp-content/uploads/2023/03/Tapered-Roller-Bearing-Headset-Kit-scaled.jpg,pcat_01KWD5AYRAMZQ749EY2Z9DVQJQ
,205-replacement-surron-electronic-throttle-light-bee-and-ultra-bee,Replacement SurRon Electronic Throttle (Light Bee and Ultra Bee),,,published,https://ebmx.com.au/wp-content/uploads/2023/03/OEM-Electric-Throttle.png,,, ,,,,,,,,,,,TRUE,,,Default,,,FALSE,TRUE,,,,,,,,,85,Default,Default,https://ebmx.com.au/wp-content/uploads/2023/03/OEM-Electric-Throttle.png,pcat_01KWD5AYRAMZQ749EY2Z9DVQJQ
,206-primary-belt-to-420-chain-conversion-kit-for-surron-lbx-and-e-ri,Primary Belt To 420 Chain Conversion Kit for SurRon LBX and E-Ride Pro 3.0,,,published,https://ebmx.com.au/wp-content/uploads/2023/03/ezgif.com-webp-to-png-converter.png,,, ,,,,,,,,,,,TRUE,,,Default,,,FALSE,TRUE,,,,,,,,,220,Default,Default,https://ebmx.com.au/wp-content/uploads/2023/03/ezgif.com-webp-to-png-converter.png,pcat_01KWD5BH4CM3P12F11N4EPX6ZM
,207-premium-foot-pegs-and-brace-bundle,Premium Foot Pegs and Brace Bundle,,,published,https://ebmx.com.au/wp-content/uploads/2023/03/EBMX-premium-foot-peg-red.png,,, ,,,,,,,,,,,TRUE,,,Default,,,FALSE,TRUE,,,,,,,,,71.5,Default,Default,https://ebmx.com.au/wp-content/uploads/2023/03/EBMX-premium-foot-peg-red.png,pcat_01KWD5B7RQR3VM98DJ6JX3EYG9
,208-72v-20a-battery-fast-charger,72v 20a Battery Fast Charger,,,published,https://ebmx.com.au/wp-content/uploads/2023/03/60v-10a-Surron-Charger.jpg,,, ,,,,,,,,,,,TRUE,,,Default,,,FALSE,TRUE,,,,,,,,,386.36,Default,Default,https://ebmx.com.au/wp-content/uploads/2023/03/60v-10a-Surron-Charger.jpg,pcat_01KWD5B62V10PH3CKGCYQAJTMR
,209-front-wheel-bearing-kit-for-surron-light-bee,Front Wheel Bearing Kit for SurRon Light Bee,,,published,https://ebmx.com.au/wp-content/uploads/2023/02/Front-Wheel-Bearing-Kit.jpg,,, ,,,,,,,,,,,TRUE,,,Default,,,FALSE,TRUE,,,,,,,,,,Default,Default,https://ebmx.com.au/wp-content/uploads/2023/02/Front-Wheel-Bearing-Kit.jpg,pcat_01KWD5AYRAMZQ749EY2Z9DVQJQ
,210-rear-wheel-bearing-kit,Rear Wheel Bearing Kit,,,published,https://ebmx.com.au/wp-content/uploads/2023/02/Rear-Wheel-Bearing-Kit.jpg,,, ,,,,,,,,,,,TRUE,,,Default,,,FALSE,TRUE,,,,,,,,,,Default,Default,https://ebmx.com.au/wp-content/uploads/2023/02/Rear-Wheel-Bearing-Kit.jpg,pcat_01KWD5AYRAMZQ749EY2Z9DVQJQ
,211-hall-sensor-kit-for-surron-light-bee-motors,Hall Sensor Kit for SurRon Light Bee Motors,,,published,https://ebmx.com.au/wp-content/uploads/2023/02/Hall-Sensor-Kit.jpg,,, ,,,,,,,,,,,TRUE,,,Default,,,FALSE,TRUE,,,,,,,,,,Default,Default,https://ebmx.com.au/wp-content/uploads/2023/02/Hall-Sensor-Kit.jpg,pcat_01KWD5AYRAMZQ749EY2Z9DVQJQ
,212-front-headlight-with-dual-leds-for-surron-light-bee,Front Headlight with Dual LEDs for SurRon Light Bee,,,published,https://ebmx.com.au/wp-content/uploads/2023/02/Sur-Ron-Front-Light-1.png,,, ,,,,,,,,,,,TRUE,,,Default,,,FALSE,TRUE,,,,,,,,,,Default,Default,https://ebmx.com.au/wp-content/uploads/2023/02/Sur-Ron-Front-Light-1.png,pcat_01KWD5AYRAMZQ749EY2Z9DVQJQ
,213-x-9000-controller-coloured-heatsink,X-9000 Controller – Coloured Heatsink,,,published,https://ebmx.com.au/wp-content/uploads/2023/02/Purple-X-9000-2-.png,,, ,,,,,,,,,,,TRUE,,,Default,,,FALSE,TRUE,,,,,,,,,65,Default,Default,https://ebmx.com.au/wp-content/uploads/2023/02/Purple-X-9000-2-.png,pcat_01KWD5BEK4CNJN5RCG0RJRDEWT
,214-x-9000-controller-bluetooth-module,X-9000 Controller – Bluetooth Module,,,published,https://ebmx.com.au/wp-content/uploads/2023/02/E0802A01-X9BTM-1-X-9000_V3-or-V2-Bluetooth-Module.png,,, ,,,,,,,,,,,TRUE,,,Default,,,FALSE,TRUE,,,,,,,,,90,Default,Default,https://ebmx.com.au/wp-content/uploads/2023/02/E0802A01-X9BTM-1-X-9000_V3-or-V2-Bluetooth-Module.png,pcat_01KWD5BEK4CNJN5RCG0RJRDEWT
,215-x-9000-controller-sw102-display-version-2-compatible,X-9000 Controller – SW102 Display (Version 2 Compatible),,,published,https://ebmx.com.au/wp-content/uploads/2023/02/Display.jpg,,, ,,,,,,,,,,,TRUE,,,Default,,,FALSE,TRUE,,,,,,,,,100,Default,Default,https://ebmx.com.au/wp-content/uploads/2023/02/Display.jpg,pcat_01KWD5BPB0J1RW0Z3Y9HR3W5PD
,216-x-9000-controller-v2-programming-cable,X-9000 Controller – V2 Programming Cable,,,published,https://ebmx.com.au/wp-content/uploads/2023/02/E1004A01-PHN-X-9000_V2-Programming-Harness.png,,, ,,,,,,,,,,,TRUE,,,Default,,,FALSE,TRUE,,,,,,,,,69,Default,Default,https://ebmx.com.au/wp-content/uploads/2023/02/E1004A01-PHN-X-9000_V2-Programming-Harness.png,pcat_01KWD5BPB0J1RW0Z3Y9HR3W5PD
,217-x-9000-controller-thumb-throttle,X-9000 Controller – Thumb Throttle,,,published,https://ebmx.com.au/wp-content/uploads/2023/02/E1003A01-THTR-9-1-X-9000_V3-or-V2-Thumb-Throttle.png,,, ,,,,,,,,,,,TRUE,,,Default,,,FALSE,TRUE,,,,,,,,,35,Default,Default,https://ebmx.com.au/wp-content/uploads/2023/02/E1003A01-THTR-9-1-X-9000_V3-or-V2-Thumb-Throttle.png,pcat_01KWD5BPB0J1RW0Z3Y9HR3W5PD
,218-x-9000-controller-1-2-harness-version-2,X-9000 Controller – 1-2 Harness (Version 2),,,published,https://ebmx.com.au/wp-content/uploads/2023/02/E0903A01-HRN-9-12-X-9000_V2-1-2-Harness.png,,, ,,,,,,,,,,,TRUE,,,Default,,,FALSE,TRUE,,,,,,,,,35,Default,Default,https://ebmx.com.au/wp-content/uploads/2023/02/E0903A01-HRN-9-12-X-9000_V2-1-2-Harness.png,pcat_01KWD5BPB0J1RW0Z3Y9HR3W5PD
,219-x-9000-controller-version-3-talaria-sting-harness,X-9000 Controller (Version 3) – Talaria Sting Harness,,,published,https://ebmx.com.au/wp-content/uploads/2023/02/E-PU-AA53-XX-X-X-9000_V3-Talaria-MX3-MX5-Harness-and-Mounting.png,,, ,,,,,,,,,,,TRUE,,,Default,,,FALSE,TRUE,,,,,,,,,90,Default,Default,https://ebmx.com.au/wp-content/uploads/2023/02/E-PU-AA53-XX-X-X-9000_V3-Talaria-MX3-MX5-Harness-and-Mounting.png,pcat_01KWD5BPB0J1RW0Z3Y9HR3W5PD
,220-x-9000-v3-controller-surron-light-bee-harness,X-9000 V3 Controller – SurRon Light Bee Harness,,,published,https://ebmx.com.au/wp-content/uploads/2024/12/E-PU-AA52-XX-X-X-9000_V3-SurRon-Light-Bee-Harness.png,,, ,,,,,,,,,,,TRUE,,,Default,,,FALSE,TRUE,,,,,,,,,90,Default,Default,https://ebmx.com.au/wp-content/uploads/2024/12/E-PU-AA52-XX-X-X-9000_V3-SurRon-Light-Bee-Harness.png,pcat_01KWD5BRXDKCH35B8B41A2FDGJ
,221-talaria-sting-mx3-mx4-seat-extenders,Talaria Sting MX3 & MX4 Seat Extenders,,,published,https://ebmx.com.au/wp-content/uploads/2023/02/Talaria-Seat-Extenders.png,,, ,,,,,,,,,,,TRUE,,,Default,,,FALSE,TRUE,,,,,,,,,150,Default,Default,https://ebmx.com.au/wp-content/uploads/2023/02/Talaria-Seat-Extenders.png,pcat_01KWD5C68NB3HGABYJZQGSEMP3
,222-talaria-wheel-adaptor,Talaria Wheel Adaptor,,,published,https://ebmx.com.au/wp-content/uploads/2023/02/Talaria-wheel-adaptor-including-rotor-for-ebmx-SurRon-wheels.jpg,,, ,,,,,,,,,,,TRUE,,,Default,,,FALSE,TRUE,,,,,,,,,60,Default,Default,https://ebmx.com.au/wp-content/uploads/2023/02/Talaria-wheel-adaptor-including-rotor-for-ebmx-SurRon-wheels.jpg,pcat_01KWD5C68NB3HGABYJZQGSEMP3
,223-springs-for-yss-light-bee-rear-shock-end-of-line-sale,Springs for YSS Light Bee Rear Shock (End of Line Sale!),,,published,https://ebmx.com.au/wp-content/uploads/2022/11/Spring_Black-1.jpg,,, ,,,,,,,,,,,TRUE,,,Default,,,FALSE,TRUE,,,,,,,,,200,Default,Default,https://ebmx.com.au/wp-content/uploads/2022/11/Spring_Black-1.jpg,pcat_01KWD5BRXDKCH35B8B41A2FDGJ
,224-219-dirty-bike-kit-with-rk-sealed-o-ring-chain-gold-series-prima,219 Dirty Bike kit with RK Sealed O-Ring Chain Gold Series Primary Belt to Chain Conversion Kit for Surron LBX and E-Ride Pro 3.0 (Orange Chain Only),,SurRon/Segway Primary Drive Chain Conversion Kit – DB Industries Replace that primary belt drive system before it fails!,published,https://ebmx.com.au/wp-content/uploads/2022/11/219-Chain-Orange.png,,, ,,,,,,,,,,,TRUE,,,Default,,,FALSE,TRUE,,,,,,,,,135,Default,Default,https://ebmx.com.au/wp-content/uploads/2022/11/219-Chain-Orange.png,pcat_01KWD5A25D7B28TNR3XW737N9G
,225-31-8mm-riser-clamp,31.8mm Riser Clamp,,,published,https://ebmx.com.au/wp-content/uploads/2022/11/31.8mm-Riser-Stem-LBX-4.jpeg,,, ,,,,,,,,,,,TRUE,,,Default,,,FALSE,TRUE,,,,,,,,,90,Default,Default,https://ebmx.com.au/wp-content/uploads/2022/11/31.8mm-Riser-Stem-LBX-4.jpeg,pcat_01KWD5A25D7B28TNR3XW737N9G
,226-hand-guards-compatible-with-surron-lbx-only,Hand Guards (Compatible with SurRon LBX Only),,,published,https://ebmx.com.au/wp-content/uploads/2023/01/Handguard_Red-1.jpeg,,, ,,,,,,,,,,,TRUE,,,Default,,,FALSE,TRUE,,,,,,,,,50,Default,Default,https://ebmx.com.au/wp-content/uploads/2023/01/Handguard_Red-1.jpeg,pcat_01KWD5A25D7B28TNR3XW737N9G
,227-gates-belt-for-surron-lbx,Gates Belt for SurRon LBX,,,published,https://ebmx.com.au/wp-content/uploads/2022/11/Gates-Carbon-Belt-2.jpg,,, ,,,,,,,,,,,TRUE,,,Default,,,FALSE,TRUE,,,,,,,,,50,Default,Default,https://ebmx.com.au/wp-content/uploads/2022/11/Gates-Carbon-Belt-2.jpg,pcat_01KWD5A25D7B28TNR3XW737N9G
,228-oem-surron-light-bee-foot-pegs,OEM SurRon Light Bee Foot Pegs,,,published,https://ebmx.com.au/wp-content/uploads/2022/11/OEM-Foot-Pegs-Silver.jpg,,, ,,,,,,,,,,,TRUE,,,Default,,,FALSE,TRUE,,,,,,,,,,Default,Default,https://ebmx.com.au/wp-content/uploads/2022/11/OEM-Foot-Pegs-Silver.jpg,pcat_01KWD5AYRAMZQ749EY2Z9DVQJQ
,229-oem-surron-light-bee-brake-pads,OEM SurRon Light Bee Brake Pads,,"Please be aware, if you are replacing both the front and rear brake pads, you will need to buy two sets. If you are only",published,https://ebmx.com.au/wp-content/uploads/2022/11/OEM-Brake-Pads.jpg,,, ,,,,,,,,,,,TRUE,,,Default,,,FALSE,TRUE,,,,,,,,,,Default,Default,https://ebmx.com.au/wp-content/uploads/2022/11/OEM-Brake-Pads.jpg,pcat_01KWD5AYRAMZQ749EY2Z9DVQJQ
,230-lbx-seat-oem,LBX Seat OEM,,,published,https://ebmx.com.au/wp-content/uploads/2022/11/OEM-Seat.jpg,,, ,,,,,,,,,,,TRUE,,,Default,,,FALSE,TRUE,,,,,,,,,,Default,Default,https://ebmx.com.au/wp-content/uploads/2022/11/OEM-Seat.jpg,pcat_01KWD5AYRAMZQ749EY2Z9DVQJQ
,231-oem-surron-light-bee-60v-controller-8kw-compatible-with-2023-202,OEM SurRon Light Bee 60v Controller (8kW Compatible with 2023-2026 Model SurRon LBX),,,published,https://ebmx.com.au/wp-content/uploads/2022/11/OEM-Controller.jpg,,, ,,,,,,,,,,,TRUE,,,Default,,,FALSE,TRUE,,,,,,,,,,Default,Default,https://ebmx.com.au/wp-content/uploads/2022/11/OEM-Controller.jpg,pcat_01KWD5AYRAMZQ749EY2Z9DVQJQ
,232-oem-surron-light-bee-48t-sprocket-and-chain,OEM SurRon Light Bee 48T Sprocket and Chain,,,published,https://ebmx.com.au/wp-content/uploads/2022/11/OEM-Sprocket-and-Chain.jpg,,, ,,,,,,,,,,,TRUE,,,Default,,,FALSE,TRUE,,,,,,,,,,Default,Default,https://ebmx.com.au/wp-content/uploads/2022/11/OEM-Sprocket-and-Chain.jpg,pcat_01KWD5AYRAMZQ749EY2Z9DVQJQ
,233-oem-60v-surron-x-l1e-charger,OEM 60v SurRon X/L1E Charger,,,published,https://ebmx.com.au/wp-content/uploads/2022/11/OEM-60v-SurRon-X-charger-scaled.jpg,,, ,,,,,,,,,,,TRUE,,,Default,,,FALSE,TRUE,,,,,,,,,,Default,Default,https://ebmx.com.au/wp-content/uploads/2022/11/OEM-60v-SurRon-X-charger-scaled.jpg,pcat_01KWD5B62V10PH3CKGCYQAJTMR
,234-more-poweeer-electric-cap,More Poweeer Electric Cap,,This stylish More Poweeer Electric Cap is perfect for looking cool in the sun while on rides with the SurRon crew.,published,https://ebmx.com.au/wp-content/uploads/2022/11/WhatsApp-Image-2024-02-08-at-12.09.00-PM.jpeg,,, ,,,,,,,,,,,TRUE,,,Default,,,FALSE,TRUE,,,,,,,,,,Default,Default,https://ebmx.com.au/wp-content/uploads/2022/11/WhatsApp-Image-2024-02-08-at-12.09.00-PM.jpeg,pcat_01KWD5C1GDAXZ0SEZM3JFS7WCM
,235-surron-lbx-display-oem-part,SurRon LBX Display (OEM Part),,,published,https://ebmx.com.au/wp-content/uploads/2022/11/display.png,,, ,,,,,,,,,,,TRUE,,,Default,,,FALSE,TRUE,,,,,,,,,,Default,Default,https://ebmx.com.au/wp-content/uploads/2022/11/display.png,pcat_01KWD5AYRAMZQ749EY2Z9DVQJQ
,236-edb-rear-shock-plus-upgraded-rear-linkage-and-triangle,EDB Rear Shock Plus Upgraded Rear Linkage and Triangle,,,published,https://ebmx.com.au/wp-content/uploads/2022/11/EBMX-triangle-linkage-and-rear-shock-1.jpg,,, ,,,,,,,,,,,TRUE,,,Default,,,FALSE,TRUE,,,,,,,,,1576.75,Default,Default,https://ebmx.com.au/wp-content/uploads/2022/11/EBMX-triangle-linkage-and-rear-shock-1.jpg,pcat_01KWD5BRXDKCH35B8B41A2FDGJ
,237-shimano-brake-pads-for-surron-lbx,Shimano Brake Pads For SurRon LBX,,"Significant improvement in stopping power (wet and dry), built-in heat syncs for dissipating heat under heavy use and ne",published,https://ebmx.com.au/wp-content/uploads/2022/11/Brake_Pads-1.jpg,,, ,,,,,,,,,,,TRUE,,,Default,,,FALSE,TRUE,,,,,,,,,65,Default,Default,https://ebmx.com.au/wp-content/uploads/2022/11/Brake_Pads-1.jpg,pcat_01KWD5A25D7B28TNR3XW737N9G
,238-foot-peg-and-brace-bundle-black,Foot Peg and Brace Bundle – Black,,,published,https://ebmx.com.au/wp-content/uploads/2022/11/Footpegs-Black-2.jpg,,, ,,,,,,,,,,,TRUE,,,Default,,,FALSE,TRUE,,,,,,,,,71.5,Default,Default,https://ebmx.com.au/wp-content/uploads/2022/11/Footpegs-Black-2.jpg,pcat_01KWD5A25D7B28TNR3XW737N9G
,239-pro-taper-grips,Pro Taper Grips,,,published,https://ebmx.com.au/wp-content/uploads/2022/11/Pro-Taper-Grips.jpg,,, ,,,,,,,,,,,TRUE,,,Default,,,FALSE,TRUE,,,,,,,,,54.5,Default,Default,https://ebmx.com.au/wp-content/uploads/2022/11/Pro-Taper-Grips.jpg,pcat_01KWD5A25D7B28TNR3XW737N9G
,240-lbx-longer-rear-fender,LBX Longer Rear Fender,,,published,https://ebmx.com.au/wp-content/uploads/2022/11/WhatsApp-Image-2025-07-01-at-14.35.38_29c4104c.jpg,,, ,,,,,,,,,,,TRUE,,,Default,,,FALSE,TRUE,,,,,,,,,42.5,Default,Default,https://ebmx.com.au/wp-content/uploads/2022/11/WhatsApp-Image-2025-07-01-at-14.35.38_29c4104c.jpg,pcat_01KWD5A25D7B28TNR3XW737N9G
,241-lbx-aftermarket-bash-plate-hdpe,LBX Aftermarket Bash Plate HDPE,,,published,https://ebmx.com.au/wp-content/uploads/2022/11/Bash-Plate-1.jpg,,, ,,,,,,,,,,,TRUE,,,Default,,,FALSE,TRUE,,,,,,,,,67,Default,Default,https://ebmx.com.au/wp-content/uploads/2022/11/Bash-Plate-1.jpg,pcat_01KWD5A25D7B28TNR3XW737N9G
,242-mx-bars-31-8mm,MX Bars – 31.8mm,,,published,https://ebmx.com.au/wp-content/uploads/2022/11/31.8mm-Bars-1.jpeg,,, ,,,,,,,,,,,TRUE,,,Default,,,FALSE,TRUE,,,,,,,,,122.73,Default,Default,https://ebmx.com.au/wp-content/uploads/2022/11/31.8mm-Bars-1.jpeg,pcat_01KWD5A25D7B28TNR3XW737N9G
,243-28-6mm-mx-bars-with-mid-rise,28.6mm MX Bars with Mid Rise,,,published,https://ebmx.com.au/wp-content/uploads/2022/11/WhatsApp-Image-2024-10-29-at-11.54.13_d7ac17bf.jpg,,, ,,,,,,,,,,,TRUE,,,Default,,,FALSE,TRUE,,,,,,,,,120,Default,Default,https://ebmx.com.au/wp-content/uploads/2022/11/WhatsApp-Image-2024-10-29-at-11.54.13_d7ac17bf.jpg,pcat_01KWD5A25D7B28TNR3XW737N9G
,244-premium-sprocket-and-chain-for-talaria-sting-surron-lbx,Premium Sprocket and Chain for Talaria Sting/SurRon LBX,,,published,https://ebmx.com.au/wp-content/uploads/2023/02/Premium-64T-Sprocket-and-Chain-scaled.jpg,,, ,,,,,,,,,,,TRUE,,,Default,,,FALSE,TRUE,,,,,,,,,84,Default,Default,https://ebmx.com.au/wp-content/uploads/2023/02/Premium-64T-Sprocket-and-Chain-scaled.jpg,pcat_01KWD5BRXDKCH35B8B41A2FDGJ
,245-surron-light-bee-seat-extenders-more-poweeer-electric,SurRon Light Bee Seat Extenders (More Poweeer Electric),,,published,https://ebmx.com.au/wp-content/uploads/2022/11/Seat-Extender-Kit.jpg,,, ,,,,,,,,,,,TRUE,,,Default,,,FALSE,TRUE,,,,,,,,,170,Default,Default,https://ebmx.com.au/wp-content/uploads/2022/11/Seat-Extender-Kit.jpg,pcat_01KWD5B7RQR3VM98DJ6JX3EYG9
,246-surron-light-bee-x-2025-model-end-of-line-discount-green-and-pur,SurRon Light Bee X (2025 Model – End of Line Discount – Green and Purple Available),,VIP Motor Courier Service Available – Please Contact Us for More Information We recommend the 2025 LBX Model over the 20,published,https://ebmx.com.au/wp-content/uploads/2022/11/ae8dbf15-5fa8-459b-84d3-96d40c5dddb5.png,,, ,,,,,,,,,,,TRUE,,,Default,,,FALSE,TRUE,,,,,,,,,5900,Default,Default,https://ebmx.com.au/wp-content/uploads/2022/11/ae8dbf15-5fa8-459b-84d3-96d40c5dddb5.png,pcat_01KWD5AAM06XPYTY499EY7C57F